injection_time,injection_date,project,system_name,sample_set_name,method_set_name,column_serial_number,column_name,analyte,system_operator,file_path,created_at,ids_file_id,manual_integration,channel_id,channel_name,peak_start,peak_end,amount_percent,amount_value,area_value,area_percent,resolution,retention_time,signal_to_noise_ratio,symmetry_factor,usp_tailing,asym_at_10,peak_width_5,peak_width_10,peak_width_50,asymmetry_aia,asymmetry_usp,source_type,sample_name,sample_type,injection_duration
2024-08-29 13:42:46.682 UTC,2024-08-29,tetrascience,Merian,TS-613 system suitability,TS-613 Calibration Standard,00823394-K,Zorbax C18,TS-613,Eugène-Melchior Péligot,,,47614915-feba-4cba-bd73-b5aa2f7d5685,false,,,16.4433333333333,16.7,6.23577456522567,1.99867815838645,16.7702737211199,13.8442097138546,,16.5351914646756,,1.20610303269625,,,0.12778135363866,0.108218174902792,0.0579088938380856,,,Empower,TS-613 2 ug/ml 08/29/2024,Unknown,20
2021-07-06 09:51:18.000 UTC,2021-07-06,N/A (Chromeleon),Hodgkin,Hodgkin_calibration/2021Q3,column_quality_check,00882042-Y,,caffeine,Antoine Lavoisier,,,38ca5613-254b-42e3-ab52-c780f4cd8ccb,false,1e741145-f6dc-5155-1102-81c129e8c06f,,6.08333333333333,6.36666666666667,,,1.02626619737763,20.2595267792591,,6.19244171549325,111.60518222069,,,,0.191356751960337,0.154657586206254,0.0854090522509017,1.30490604654673,1.2404530298013,Chromeleon,Calibration Standard 2021Q3,Unknown,8
2021-09-03 09:33:02.000 UTC,2021-09-03,N/A (Chromeleon),Curie,Curie_calibration/2021Q3,column_quality_check,00235304-I,,caffeine,John Dalton,,,ee19e026-7e19-46f1-a526-2dafce848517,false,1e741145-f6dc-5155-1102-81c129e8c06f,,6.11333333333333,6.36666666666667,,,1.07749704211647,21.0518689265111,,6.22892458227888,108.161443826237,,,,0.189463981990222,0.162968572819303,0.0844130098914206,1.26681625805321,1.20849248711718,Chromeleon,Calibration Standard 2021Q3,Unknown,8
2021-09-03 09:33:02.000 UTC,2021-09-03,N/A (Chromeleon),Curie,Curie_calibration/2021Q3,column_quality_check,00235304-I,,klimavizinib,John Dalton,,,ee19e026-7e19-46f1-a526-2dafce848517,false,1e741145-f6dc-5155-1102-81c129e8c06f,,3.79333333333333,4.08,,0.0510815693570555,2.04453343880094,39.9455852657961,16.5415352356814,3.89805181821352,213.551977417302,,,,0.184067911226649,0.152947001497794,0.0818611492122781,1.37745814898564,1.21975109068259,Chromeleon,Calibration Standard 2021Q3,Unknown,8
2021-09-03 09:33:02.000 UTC,2021-09-03,N/A (Chromeleon),Curie,Curie_calibration/2021Q3,column_quality_check,00235304-I,,TS-8391,John Dalton,,,ee19e026-7e19-46f1-a526-2dafce848517,false,1e741145-f6dc-5155-1102-81c129e8c06f,,2.16666666666667,2.44666666666667,,,1.99626588449245,39.0025458076927,11.7583326110029,2.28628830562071,213.573943180199,,,,0.182318881364162,0.152919604075657,0.0798863542628179,1.32137514225408,1.21103724945563,Chromeleon,Calibration Standard 2021Q3,Unknown,8
2024-08-29 13:42:46.682 UTC,2024-08-29,tetrascience,Merian,TS-613 system suitability,TS-613 Calibration Standard,00823394-K,Zorbax C18,"4,5-epoxy-TS-613",Eugène-Melchior Péligot,,,47614915-feba-4cba-bd73-b5aa2f7d5685,false,,,14.5766666666667,14.8133333333333,6.23264837025982,1.99767615654502,9.83664564462606,8.12035554396324,19.899873099756,14.6552905206581,,1.19923674887911,,,0.122414757840003,0.10632504780939,0.053563330272123,,,Empower,TS-613 2 ug/ml 08/29/2024,Unknown,20
2024-08-29 13:42:46.682 UTC,2024-08-29,tetrascience,Merian,TS-613 system suitability,TS-613 Calibration Standard,00823394-K,Zorbax C18,dehydro-TS-613,Eugène-Melchior Péligot,,,47614915-feba-4cba-bd73-b5aa2f7d5685,false,,,13.7233333333333,13.9733333333333,6.2410567803801,2.00037120356418,6.77655040902583,5.59418328878626,8.80273300711057,13.8115426572708,,1.17183206076253,,,0.131033822117994,0.111157837381418,0.0595404612427135,,,Empower,TS-613 2 ug/ml 08/29/2024,Unknown,20
2021-12-06 14:28:28.000 UTC,2021-12-06,N/A (Chromeleon),Cori,Cori_calibration/2021Q4,column_quality_check,00056691-Q,,caffeine,Amedeo Avogadro,,,c1c16c32-bb62-4085-b9ae-d65a11a0ff28,false,1e741145-f6dc-5155-1102-81c129e8c06f,,6.11333333333333,6.39333333333333,,,1.03055437781927,20.106166726804,,6.22837576676702,79.7791401041789,,,,0.193580350736834,0.165250148963001,0.0857716625415037,1.46792118003971,1.28557419787437,Chromeleon,Calibration Standard 2021Q4,Unknown,8
2021-12-06 14:28:28.000 UTC,2021-12-06,N/A (Chromeleon),Cori,Cori_calibration/2021Q4,column_quality_check,00056691-Q,,klimavizinib,Amedeo Avogadro,,,c1c16c32-bb62-4085-b9ae-d65a11a0ff28,false,1e741145-f6dc-5155-1102-81c129e8c06f,,3.79,4.06333333333333,,0.0512715084681359,2.05987343118486,40.188232212604,16.4843884363999,3.89927829950773,164.930929277534,,,,0.187944324492769,0.156516616834584,0.0809518420622366,1.37885577694577,1.21689936676814,Chromeleon,Calibration Standard 2021Q4,Unknown,8
2021-12-06 14:28:28.000 UTC,2021-12-06,N/A (Chromeleon),Cori,Cori_calibration/2021Q4,column_quality_check,00056691-Q,,TS-8391,Amedeo Avogadro,,,c1c16c32-bb62-4085-b9ae-d65a11a0ff28,false,1e741145-f6dc-5155-1102-81c129e8c06f,,2.17,2.44,,,2.03513586418186,39.705601060592,11.7583570627642,2.28442338096138,161.471619773983,,,,0.189759063268832,0.158014254462085,0.0811055604909683,1.40249242863328,1.27900250010601,Chromeleon,Calibration Standard 2021Q4,Unknown,8
2024-10-03 12:54:24.734 UTC,2024-10-03,tetrascience,Merian,TS-613 system suitability,TS-613 Calibration Standard,00823394-K,Zorbax C18,TS-613,William Cruickshank,,,ce79ecd5-a358-486b-bef3-506d1f673d0f,false,,,16.45,16.71,7.67124839513118,1.99717709503658,16.7473858667793,13.8267493599329,,16.5420653553739,,1.20537869143969,,,0.127481637986801,0.107955692324413,0.0576798777343051,,,Empower,TS-613 2 ug/ml 10/03/2024,Unknown,20
2024-10-03 12:54:24.734 UTC,2024-10-03,tetrascience,Merian,TS-613 system suitability,TS-613 Calibration Standard,00823394-K,Zorbax C18,"4,5-epoxy-TS-613",William Cruickshank,,,ce79ecd5-a358-486b-bef3-506d1f673d0f,false,,,14.5633333333333,14.82,7.68074356783084,1.99964912311499,9.84698682335114,8.12973558023251,19.6729123730453,14.660595548371,,1.20911713591477,,,0.124025351767852,0.10473258840006,0.0551724712298149,,,Empower,TS-613 2 ug/ml 10/03/2024,Unknown,20
2024-10-03 12:54:24.734 UTC,2024-10-03,tetrascience,Merian,TS-613 system suitability,TS-613 Calibration Standard,00823394-K,Zorbax C18,dehydro-TS-613,William Cruickshank,,,ce79ecd5-a358-486b-bef3-506d1f673d0f,false,,,13.73,13.9766666666667,7.69796139479745,2.00413171158988,6.7755830492928,5.59396489310116,8.56273150792939,13.8206414339357,,1.17617955246009,,,0.132241982005928,0.112139967484346,0.0605786595998552,,,Empower,TS-613 2 ug/ml 10/03/2024,Unknown,20
2021-12-06 15:25:37.000 UTC,2021-12-06,N/A (Chromeleon),Singer,Singer_calibration/2021Q4,column_quality_check,00598532-S,,caffeine,Amedeo Avogadro,,,1917e579-4b7e-4719-ac05-216c73e6e3c8,false,1e741145-f6dc-5155-1102-81c129e8c06f,,6.14333333333333,6.41666666666667,,,1.12535539237511,21.6854183410897,,6.25050593835989,112.702210132554,,,,0.200304696194918,0.169811265780351,0.0849666782444318,1.41493199077832,1.23934614112621,Chromeleon,Calibration Standard 2021Q4,Unknown,8
2021-12-06 15:25:37.000 UTC,2021-12-06,N/A (Chromeleon),Singer,Singer_calibration/2021Q4,column_quality_check,00598532-S,,klimavizinib,Amedeo Avogadro,,,1917e579-4b7e-4719-ac05-216c73e6e3c8,false,1e741145-f6dc-5155-1102-81c129e8c06f,,3.82333333333333,4.08666666666667,,0.0511091830363556,2.04359473425243,39.3797435300687,16.5613429540241,3.92316585914963,222.234275961897,,,,0.185589809739613,0.155401764228277,0.0808569087129785,1.38220978755354,1.23033719634716,Chromeleon,Calibration Standard 2021Q4,Unknown,8
2021-12-06 15:25:37.000 UTC,2021-12-06,N/A (Chromeleon),Singer,Singer_calibration/2021Q4,column_quality_check,00598532-S,,TS-8391,Amedeo Avogadro,,,1917e579-4b7e-4719-ac05-216c73e6e3c8,false,1e741145-f6dc-5155-1102-81c129e8c06f,,2.2,2.48,,,2.02050656115414,38.9348381288415,11.922059832269,2.31242133770209,223.351510817672,,,,0.182496083774165,0.158172070426918,0.0785684390917352,1.3516487441833,1.21798161347566,Chromeleon,Calibration Standard 2021Q4,Unknown,8
2021-12-13 09:22:58.000 UTC,2021-12-13,N/A (Chromeleon),Hodgkin,Hodgkin_calibration/2021Q4,column_quality_check,00624272-E,,caffeine,Antoine Lavoisier,,,c49bcbe0-8fa2-4409-90b9-743b71f02d38,false,1e741145-f6dc-5155-1102-81c129e8c06f,,6.08666666666667,6.33,,,1.04419508475328,20.5424440662969,,6.19008723617523,130.410797415242,,,,0.210781182826937,0.154296739869132,0.0866495045630309,1.39650840704232,1.35926323553194,Chromeleon,Calibration Standard 2021Q4,Unknown,8
2022-09-14 23:41:20.189 UTC,2022-09-14,batch_reaction,McClintock,TS-304_20220818,TS-304 bulk batch analysis,00084452-B,Zorbax C18,TS-304 ring closure c,Charles Darwin,,,06556fea-7ad7-48b0-a880-ccfad98fd447,false,,,24.4833333333333,24.7333333333333,1.21858038256498,0.000488439573049098,1.03562695549364,0.414724165318986,,24.5835062579436,,1.16217004761185,,,0.181056116249557,0.158594735149912,0.0825936188939451,,,Empower,TS-304_20220818_day27_hour_27.0,Unknown,30
2023-10-30 23:36:43.677 UTC,2023-10-30,batch_reaction,Anning,TS-304_20231012,TS-304 bulk batch analysis,00173071-K,Zorbax C18,"2,3-dehydro-R-005",Jane Goodall,,,d6eaeaea-cd01-4d23-9b17-e446ae810474,false,,,16.8366666666667,17.0133333333333,2.44720488062912,0.00111665156659924,0.176493532767067,3.14834437143827,,16.9264478782832,,1.01263811642479,,,0.171628914682227,0.132265218315485,0.0752584259940399,,,Empower,TS-304_20231012_day18_hour_18.0,Unknown,30
2021-09-20 12:39:06.000 UTC,2021-09-20,N/A (Chromeleon),Franklin,Franklin_calibration/2021Q3,column_quality_check,00962700-A,,caffeine,John Dalton,,,ea279f2e-d7ca-4517-b03f-350165df33a8,false,1e741145-f6dc-5155-1102-81c129e8c06f,,6.16666666666667,6.44666666666667,,,1.09099978718216,21.0728989321059,,6.26704472059943,133.430792094417,,,,0.200967044986583,0.163665233418092,0.086118959268795,1.42911015358347,1.23527445203461,Chromeleon,Calibration Standard 2021Q3,Unknown,8
2021-09-20 12:39:06.000 UTC,2021-09-20,N/A (Chromeleon),Franklin,Franklin_calibration/2021Q3,column_quality_check,00962700-A,,klimavizinib,John Dalton,,,ea279f2e-d7ca-4517-b03f-350165df33a8,false,1e741145-f6dc-5155-1102-81c129e8c06f,,3.83,4.09666666666667,,0.0512793206933321,2.07244556622514,40.0297382936715,16.4099490294784,3.93425559562184,267.651287720048,,,,0.181216604673602,0.154323051291405,0.0816263007883014,1.36527411432232,1.20055201759203,Chromeleon,Calibration Standard 2021Q3,Unknown,8
2021-09-20 12:39:06.000 UTC,2021-09-20,N/A (Chromeleon),Franklin,Franklin_calibration/2021Q3,column_quality_check,00962700-A,,TS-8391,John Dalton,,,ea279f2e-d7ca-4517-b03f-350165df33a8,false,1e741145-f6dc-5155-1102-81c129e8c06f,,2.20333333333333,2.49,,,2.01381948659986,38.8973627742226,11.6459273583579,2.32629997099978,265.073500948083,,,,0.18221109816508,0.15613234340562,0.0812965458575121,1.37407140010059,1.21186875442359,Chromeleon,Calibration Standard 2021Q3,Unknown,8
2021-09-17 10:09:51.000 UTC,2021-09-17,N/A (Chromeleon),Curie,Curie_calibration/2021Q3,column_quality_check,00235304-I,,caffeine,John Dalton,,,9c2c21c3-51f7-4d8c-b317-274150dc7618,false,1e741145-f6dc-5155-1102-81c129e8c06f,,6.14666666666667,6.38333333333333,,,1.05541906850893,20.802981317682,,6.24074169348971,122.043101133443,,,,0.194844629478873,0.168759926419681,0.0833124863697741,1.42814378484536,1.18442278112261,Chromeleon,Calibration Standard 2021Q3,Unknown,8
2022-09-14 23:41:20.189 UTC,2022-09-14,batch_reaction,McClintock,TS-304_20220818,TS-304 bulk batch analysis,00084452-B,Zorbax C18,oxazol-2-ylamino-TS-304,Charles Darwin,,,06556fea-7ad7-48b0-a880-ccfad98fd447,false,,,17.9266666666667,18.12,0.148306230887681,5.94450995040837E-05,0.0959146311237728,0.0384096948458863,48.6052928004843,18.0055137672615,,0.982113593461666,,,0.151735903509735,0.14347180701947,0.0771015643213175,,,Empower,TS-304_20220818_day27_hour_27.0,Unknown,30
2022-09-14 23:41:20.189 UTC,2022-09-14,batch_reaction,McClintock,TS-304_20220818,TS-304 bulk batch analysis,00084452-B,Zorbax C18,R-007,Charles Darwin,,,06556fea-7ad7-48b0-a880-ccfad98fd447,false,,,17.17,17.4333333333333,6.97945660304009,0.00279755267036872,1.21788487703466,0.487710643686421,5.72976482030658,17.2662601834039,,1.17560934154004,,,0.163114091663449,0.138080124414813,0.0751418970264233,,,Empower,TS-304_20220818_day27_hour_27.0,Unknown,30
2024-08-29 13:42:46.682 UTC,2024-08-29,tetrascience,Merian,TS-613 system suitability,TS-613 Calibration Standard,00823394-K,Zorbax C18,TS-613 hydrolysis pdt B,Eugène-Melchior Péligot,,,47614915-feba-4cba-bd73-b5aa2f7d5685,false,,,12.98,13.24,6.23187362012602,1.99742783516098,5.96343335510251,4.92293825107114,7.66707338745643,13.0705431382986,,1.19971396319575,,,0.119089186733351,0.0999983843922792,0.0545029798723427,,,Empower,TS-613 2 ug/ml 08/29/2024,Unknown,20
2024-08-29 13:42:46.682 UTC,2024-08-29,tetrascience,Merian,TS-613 system suitability,TS-613 Calibration Standard,00823394-K,Zorbax C18,des-chloro-TS-613,Eugène-Melchior Péligot,,,47614915-feba-4cba-bd73-b5aa2f7d5685,false,,,12.44,12.67,6.2485764019458,2.0027813778297,4.55485761363998,3.76012968354627,5.89898002933,12.5400027077274,,1.20765983401473,,,0.119454170357219,0.100363430308462,0.0516234529959245,,,Empower,TS-613 2 ug/ml 08/29/2024,Unknown,20
2024-08-29 13:42:46.682 UTC,2024-08-29,tetrascience,Merian,TS-613 system suitability,TS-613 Calibration Standard,00823394-K,Zorbax C18,TS-613 free acid,Eugène-Melchior Péligot,,,47614915-feba-4cba-bd73-b5aa2f7d5685,false,,,12.1466666666667,12.41,6.28551740284763,2.01462163454186,2.2065481202946,1.82155136100128,3.09585504993601,12.2344890722027,,1.27296409297503,,,0.146314111242818,0.123287976377876,0.0648245344273573,,,Empower,TS-613 2 ug/ml 08/29/2024,Unknown,20
2024-08-29 13:42:46.682 UTC,2024-08-29,tetrascience,Merian,TS-613 system suitability,TS-613 Calibration Standard,00823394-K,Zorbax C18,2'-hydroxy-TS-613,Eugène-Melchior Péligot,,,47614915-feba-4cba-bd73-b5aa2f7d5685,false,,,11.7233333333333,11.9766666666667,6.23865891340653,1.9996026439736,14.197834642281,11.720607757453,4.26927356323819,11.8085107799142,,1.22202186577424,,,0.120995490930575,0.101857110914622,0.0529131503227127,,,Empower,TS-613 2 ug/ml 08/29/2024,Unknown,20
2021-12-13 09:22:58.000 UTC,2021-12-13,N/A (Chromeleon),Hodgkin,Hodgkin_calibration/2021Q4,column_quality_check,00624272-E,,klimavizinib,Antoine Lavoisier,,,c49bcbe0-8fa2-4409-90b9-743b71f02d38,false,1e741145-f6dc-5155-1102-81c129e8c06f,,3.75333333333333,4.02,,0.0506317778566339,2.02081622291767,39.7555062590244,16.5985531344829,3.85884736394193,261.58380201602,,,,0.180503411397395,0.154163980844561,0.0790795819993679,1.32368270091119,1.18724996944229,Chromeleon,Calibration Standard 2021Q4,Unknown,8
2021-12-13 09:22:58.000 UTC,2021-12-13,N/A (Chromeleon),Hodgkin,Hodgkin_calibration/2021Q4,column_quality_check,00624272-E,,TS-8391,Antoine Lavoisier,,,c49bcbe0-8fa2-4409-90b9-743b71f02d38,false,1e741145-f6dc-5155-1102-81c129e8c06f,,2.15666666666667,2.43333333333333,,,2.01809896578696,39.7020496746787,12.2517882103621,2.24532010429373,260.377475142527,,,,0.172498161912857,0.151439639106898,0.0763232158366711,1.38764323798583,1.2121875195235,Chromeleon,Calibration Standard 2021Q4,Unknown,8
2021-12-20 12:15:44.000 UTC,2021-12-20,N/A (Chromeleon),Franklin,Franklin_calibration/2021Q4,column_quality_check,00231229-Q,,caffeine,John Dalton,,,a6bf4535-9689-4f94-836e-6a499625b8ad,false,1e741145-f6dc-5155-1102-81c129e8c06f,,6.15666666666667,6.42,,,1.05617560933962,20.6217449785696,,6.26753735621833,135.901604928991,,,,0.192594193788317,0.166164437785127,0.0824609817133242,1.25455078851039,1.1537438625764,Chromeleon,Calibration Standard 2021Q4,Unknown,8
2021-12-20 12:15:44.000 UTC,2021-12-20,N/A (Chromeleon),Franklin,Franklin_calibration/2021Q4,column_quality_check,00231229-Q,,klimavizinib,John Dalton,,,a6bf4535-9689-4f94-836e-6a499625b8ad,false,1e741145-f6dc-5155-1102-81c129e8c06f,,3.83333333333333,4.10666666666667,,0.051322369512171,2.05436560673006,40.1113254842349,16.7444598589142,3.93580313389387,271.119617458664,,,,0.185944723430072,0.159798681468685,0.0818588234954465,1.31810164323628,1.18565231265278,Chromeleon,Calibration Standard 2021Q4,Unknown,8
2021-12-20 12:15:44.000 UTC,2021-12-20,N/A (Chromeleon),Franklin,Franklin_calibration/2021Q4,column_quality_check,00231229-Q,,TS-8391,John Dalton,,,a6bf4535-9689-4f94-836e-6a499625b8ad,false,1e741145-f6dc-5155-1102-81c129e8c06f,,2.21,2.5,,,2.01111851950175,39.2669295371955,11.6075218449962,2.32514305806753,270.70868386974,,,,0.185741247965196,0.155519123063351,0.0818780115374667,1.30984382104645,1.25132818526513,Chromeleon,Calibration Standard 2021Q4,Unknown,8
2021-12-06 10:35:14.000 UTC,2021-12-06,N/A (Chromeleon),Hodgkin,Hodgkin_calibration/2021Q4,column_quality_check,00624272-E,,caffeine,Amedeo Avogadro,,,1bb1c68a-44cc-4d4a-bb57-27a26fdd33b3,false,1e741145-f6dc-5155-1102-81c129e8c06f,,6.11,6.36666666666667,,,1.10664453976355,21.1822025092459,,6.20235635284028,124.729304137937,,,,0.201050601423584,0.172188813723278,0.0846667233818064,1.30985886357206,1.20523883888361,Chromeleon,Calibration Standard 2021Q4,Unknown,8
2021-12-06 10:35:14.000 UTC,2021-12-06,N/A (Chromeleon),Hodgkin,Hodgkin_calibration/2021Q4,column_quality_check,00624272-E,,klimavizinib,Amedeo Avogadro,,,1bb1c68a-44cc-4d4a-bb57-27a26fdd33b3,false,1e741145-f6dc-5155-1102-81c129e8c06f,,3.75666666666667,4.03666666666667,,0.0515833520309921,2.09763211178677,40.1506234253486,16.7894540678204,3.86504334737898,244.829412334642,,,,0.185461248585652,0.15302041623057,0.0796048089326669,1.24819210862888,1.20162118813406,Chromeleon,Calibration Standard 2021Q4,Unknown,8
2021-12-06 10:35:14.000 UTC,2021-12-06,N/A (Chromeleon),Hodgkin,Hodgkin_calibration/2021Q4,column_quality_check,00624272-E,,TS-8391,Amedeo Avogadro,,,1bb1c68a-44cc-4d4a-bb57-27a26fdd33b3,false,1e741145-f6dc-5155-1102-81c129e8c06f,,2.14333333333333,2.39666666666667,,,2.02013067474404,38.6671740654056,11.9709214599597,2.25424717382117,247.245661038395,,,,0.180991897098445,0.155305111461299,0.0791749049895909,1.34532723472569,1.20277865533332,Chromeleon,Calibration Standard 2021Q4,Unknown,8
2021-09-17 10:09:51.000 UTC,2021-09-17,N/A (Chromeleon),Curie,Curie_calibration/2021Q3,column_quality_check,00235304-I,,klimavizinib,John Dalton,,,9c2c21c3-51f7-4d8c-b317-274150dc7618,false,1e741145-f6dc-5155-1102-81c129e8c06f,,3.79,4.06333333333333,,0.050978909388404,2.01822639659502,39.7805263103069,16.7060670829042,3.90927529688709,242.747731256855,,,,0.186884183412941,0.153547390285384,0.0813660303833639,1.32098891546689,1.22692659322716,Chromeleon,Calibration Standard 2021Q3,Unknown,8
2021-09-17 10:09:51.000 UTC,2021-09-17,N/A (Chromeleon),Curie,Curie_calibration/2021Q3,column_quality_check,00235304-I,,TS-8391,John Dalton,,,9c2c21c3-51f7-4d8c-b317-274150dc7618,false,1e741145-f6dc-5155-1102-81c129e8c06f,,2.18,2.47333333333333,,,1.99975748801916,39.4164923720111,11.8871915181145,2.30007761451564,244.097920471194,,,,0.182360645946964,0.154695747214753,0.0783734053197387,1.38826182680841,1.25873153760439,Chromeleon,Calibration Standard 2021Q3,Unknown,8
2021-09-30 14:06:31.000 UTC,2021-09-30,N/A (Chromeleon),Meitner,Meitner_calibration/2021Q3,column_quality_check,00248966-S,,caffeine,John Dalton,,,6a7f5f32-54f2-45dd-b127-57c0104e97f5,false,1e741145-f6dc-5155-1102-81c129e8c06f,,6.07666666666667,6.34333333333333,,,1.08933989435464,21.6555456745749,,6.17810929146534,117.813532254159,,,,0.198728559899174,0.161144930818868,0.0885654708266292,1.22000767828478,1.10195158555966,Chromeleon,Calibration Standard 2021Q3,Unknown,8
2021-09-30 14:06:31.000 UTC,2021-09-30,N/A (Chromeleon),Meitner,Meitner_calibration/2021Q3,column_quality_check,00248966-S,,klimavizinib,John Dalton,,,6a7f5f32-54f2-45dd-b127-57c0104e97f5,false,1e741145-f6dc-5155-1102-81c129e8c06f,,3.73333333333333,4,,0.0504083927812694,1.94859499877868,38.7371179702358,15.9803753019373,3.84468623743065,228.259558629718,,,,0.179209760185413,0.159940197640704,0.0837358144521425,1.35345413021845,1.16024415841977,Chromeleon,Calibration Standard 2021Q3,Unknown,8
2021-09-30 14:06:31.000 UTC,2021-09-30,N/A (Chromeleon),Meitner,Meitner_calibration/2021Q3,column_quality_check,00248966-S,,TS-8391,John Dalton,,,6a7f5f32-54f2-45dd-b127-57c0104e97f5,false,1e741145-f6dc-5155-1102-81c129e8c06f,,2.11,2.37666666666667,,,1.99236963358937,39.6073363551893,11.6193193135983,2.23325327403471,231.493572489533,,,,0.18066959097089,0.160572746328094,0.0799132639049573,1.39092155434667,1.22201426417386,Chromeleon,Calibration Standard 2021Q3,Unknown,8
2021-09-13 13:21:32.000 UTC,2021-09-13,N/A (Chromeleon),Kwolek,Kwolek_calibration/2021Q3,column_quality_check,00229517-K,,caffeine,Amedeo Avogadro,,,ed330879-fca0-4b5b-b45f-97fb9fbb331e,false,1e741145-f6dc-5155-1102-81c129e8c06f,,6.11333333333333,6.38,,,1.11964783939191,21.971086978633,,6.22150543652626,128.804201445396,,,,0.204352511545729,0.168524339877689,0.0834642579466838,1.2971264506259,1.14558569136965,Chromeleon,Calibration Standard 2021Q3,Unknown,8
2021-09-13 13:21:32.000 UTC,2021-09-13,N/A (Chromeleon),Kwolek,Kwolek_calibration/2021Q3,column_quality_check,00229517-K,,klimavizinib,Amedeo Avogadro,,,ed330879-fca0-4b5b-b45f-97fb9fbb331e,false,1e741145-f6dc-5155-1102-81c129e8c06f,,3.76,4.02666666666667,,0.0507726361913735,2.02434959694249,39.7242414130323,16.8105694519272,3.8794654711895,255.382652391261,,,,0.185248213609366,0.15443454298802,0.080932740441765,1.29699321401605,1.23972076941499,Chromeleon,Calibration Standard 2021Q3,Unknown,8
2021-09-13 13:21:32.000 UTC,2021-09-13,N/A (Chromeleon),Kwolek,Kwolek_calibration/2021Q3,column_quality_check,00229517-K,,TS-8391,Amedeo Avogadro,,,ed330879-fca0-4b5b-b45f-97fb9fbb331e,false,1e741145-f6dc-5155-1102-81c129e8c06f,,2.14666666666667,2.41333333333333,,,1.95200823912795,38.3046716083347,11.8462343625935,2.2642350309071,249.518893599838,,,,0.181611744109052,0.155376273848631,0.0799598994634252,1.34431245426034,1.25226261431259,Chromeleon,Calibration Standard 2021Q3,Unknown,8
2022-07-10 15:23:21.778 UTC,2022-07-10,batch_reaction,McClintock,TS-304_20220707,TS-304 bulk batch analysis,00084452-B,Zorbax C18,"2,3-dehydro-R-005",Charles Darwin,,,24beb20d-b541-451f-9555-0d35e099133f,false,,,16.8766666666667,17.03,0.699551330391454,0.000382361539497883,0.041530992920854,0.762558106992763,,16.9564365041003,,0.92286582529836,,,0.145996185613836,0.132606101638725,0.0665154426182184,,,Empower,TS-304_20220707_day3_hour_3.0,Unknown,30
2024-04-04 10:20:22.958 UTC,2024-04-04,batch_reaction,Leavitt,TS-304_20240328,TS-304 bulk batch analysis,00527723-S,Zorbax C18,"2,3-dehydro-R-005",Jane Goodall,,,ff2dcf4e-422d-44a3-a008-26b568b04c21,false,,,16.7866666666667,17.0533333333333,1.61191574308845,0.000802229929350994,2.82445851423521,2.48915326840202,,16.9212535394137,,1.02783312997617,,,0.172813238083101,0.148978887694287,0.0824063666416173,,,Empower,TS-304_20240328_day7_hour_7.0,Unknown,30
2024-04-04 10:20:22.958 UTC,2024-04-04,batch_reaction,Leavitt,TS-304_20240328,TS-304 bulk batch analysis,00527723-S,Zorbax C18,epi-TS-302,Jane Goodall,,,ff2dcf4e-422d-44a3-a008-26b568b04c21,false,,,16.54,16.7833333333333,1.97251317018331,0.000981694674765164,1.81285328545554,1.59764063018885,2.20792368669077,16.6365263125563,,1.18376031577805,,,0.156055523527364,0.131895749007494,0.0697628997677882,,,Empower,TS-304_20240328_day7_hour_7.0,Unknown,30
2024-04-04 10:20:22.958 UTC,2024-04-04,batch_reaction,Leavitt,TS-304_20240328,TS-304 bulk batch analysis,00527723-S,Zorbax C18,TS-302,Jane Goodall,,,ff2dcf4e-422d-44a3-a008-26b568b04c21,false,,,15.0766666666667,15.4533333333333,68.1268931305435,0.0339058867669485,88.1855412275673,77.7166055249487,12.3149493657367,15.2081910464013,,1.19033840729772,,,0.152556960177774,0.131711757629832,0.0670980457389963,,,Empower,TS-304_20240328_day7_hour_7.0,Unknown,30
2022-11-25 15:47:30.859 UTC,2022-11-25,batch_reaction,McClintock,TS-304_20221110,TS-304 bulk batch analysis,00084452-B,Zorbax C18,oxazol-2-ylamino-TS-304,Galileo Galilei,,,d4ae05c8-a6a2-410d-b2b8-dbc377e6bdd1,false,,,17.9566666666667,18.0533333333333,0.0632865307051435,2.89274535627235E-05,0.0347893635058545,0.030603407508893,,18.0057825393741,,0.993270071085819,,,0.095750347050398,0.0856263686292316,0.061748608446706,,,Empower,TS-304_20221110_day15_hour_15.0,Unknown,30
2024-04-04 10:20:22.958 UTC,2024-04-04,batch_reaction,Leavitt,TS-304_20240328,TS-304 bulk batch analysis,00527723-S,Zorbax C18,"3,4-dehydro-R-005",Jane Goodall,,,ff2dcf4e-422d-44a3-a008-26b568b04c21,false,,,14.1333333333333,14.35,1.49721776229948,0.000745146205577231,1.81037014914146,1.59545227909751,8.74340228446817,14.218267141647,,1.16691662967315,,,0.148841923090799,0.127461946609872,0.0665010006740001,,,Empower,TS-304_20240328_day7_hour_7.0,Unknown,30
2024-04-04 10:20:22.958 UTC,2024-04-04,batch_reaction,Leavitt,TS-304_20240328,TS-304 bulk batch analysis,00527723-S,Zorbax C18,R-005 dimer,Jane Goodall,,,ff2dcf4e-422d-44a3-a008-26b568b04c21,false,,,12.05,12.1533333333333,0.454893785356955,0.000226394841575222,0.0876072713158463,0.0772069848548187,20.5706210650169,12.1013282389444,,0.994156217816868,,,0.0979191035971017,0.0889428588187116,0.0549337337121791,,,Empower,TS-304_20240328_day7_hour_7.0,Unknown,30
2024-04-04 10:20:22.958 UTC,2024-04-04,batch_reaction,Leavitt,TS-304_20240328,TS-304 bulk batch analysis,00527723-S,Zorbax C18,R-005 isocyanate precursor,Jane Goodall,,,ff2dcf4e-422d-44a3-a008-26b568b04c21,false,,,10.7066666666667,10.91,13.3170165101851,0.00662770945686185,4.53190247365445,3.99389822775665,13.6219246655813,10.8096941839218,,1.04535928304844,,,0.115595803754951,0.102204674240463,0.0569541398698643,,,Empower,TS-304_20240328_day7_hour_7.0,Unknown,30
2024-04-04 10:20:22.958 UTC,2024-04-04,batch_reaction,Leavitt,TS-304_20240328,TS-304 bulk batch analysis,00527723-S,Zorbax C18,R-005 biuret,Jane Goodall,,,ff2dcf4e-422d-44a3-a008-26b568b04c21,false,,,9.93666666666667,10.1866666666667,2.31499704308969,0.0011521445350284,3.06768762275652,2.70350746316004,6.49694580028854,10.0505615651069,,1.07124601011435,,,0.167722075662249,0.144665444583847,0.0809224128576958,,,Empower,TS-304_20240328_day7_hour_7.0,Unknown,30
2022-09-14 23:41:20.189 UTC,2022-09-14,batch_reaction,McClintock,TS-304_20220818,TS-304 bulk batch analysis,00084452-B,Zorbax C18,"2,3-dehydro-R-005",Charles Darwin,,,06556fea-7ad7-48b0-a880-ccfad98fd447,false,,,16.81,17.1366666666667,2.78513764427394,0.00111635757584469,3.90853018295142,1.56519865493067,2.19958626862981,16.9649552029392,,1.01480447688582,,,0.174214728910904,0.153642845502088,0.086497535815564,,,Empower,TS-304_20220818_day27_hour_27.0,Unknown,30
2022-09-14 23:41:20.189 UTC,2022-09-14,batch_reaction,McClintock,TS-304_20220818,TS-304 bulk batch analysis,00084452-B,Zorbax C18,epi-TS-302,Charles Darwin,,,06556fea-7ad7-48b0-a880-ccfad98fd447,false,,,16.61,16.7533333333333,0.096615342482186,3.87260104521458E-05,0.0592642403807805,0.0237327857244382,2.1693296113384,16.6781261724508,,0.935760512317024,,,0.125710984153791,0.124755301640914,0.0695222106569311,,,Empower,TS-304_20220818_day27_hour_27.0,Unknown,30
2022-09-14 23:41:20.189 UTC,2022-09-14,batch_reaction,McClintock,TS-304_20220818,TS-304 bulk batch analysis,00084452-B,Zorbax C18,TS-304 N-oxide,Charles Darwin,,,06556fea-7ad7-48b0-a880-ccfad98fd447,false,,,16.1433333333333,16.2933333333333,0.0911764591922318,3.65459607237747E-05,0.0504781965016734,0.020214352088765,3.88450928402455,16.2126159132684,,0.900982189078793,,,0.121448701325193,0.11959317093164,0.0718861541252878,,,Empower,TS-304_20220818_day27_hour_27.0,Unknown,30
2022-09-14 23:41:20.189 UTC,2022-09-14,batch_reaction,McClintock,TS-304_20220818,TS-304 bulk batch analysis,00084452-B,Zorbax C18,epi-TS-304,Charles Darwin,,,06556fea-7ad7-48b0-a880-ccfad98fd447,false,,,15.5933333333333,15.86,2.38084253202737,0.000954305293667048,5.36887800868534,2.15000530745181,4.27896647400772,15.6913326913094,,1.19273667187289,,,0.158404403914556,0.137400167551151,0.0718668305377239,,,Empower,TS-304_20220818_day27_hour_27.0,Unknown,30
2023-10-30 23:36:43.677 UTC,2023-10-30,batch_reaction,Anning,TS-304_20231012,TS-304 bulk batch analysis,00173071-K,Zorbax C18,epi-TS-302,Jane Goodall,,,d6eaeaea-cd01-4d23-9b17-e446ae810474,false,,,16.57,16.7233333333333,2.47001005015631,0.00112705749071318,0.0907596074918076,1.6189969962123,2.36704752908176,16.6422483754525,,0.982168955326334,,,0.138008765534135,0.131217934914318,0.0664182447191379,,,Empower,TS-304_20231012_day18_hour_18.0,Unknown,30
2023-10-30 23:36:43.677 UTC,2023-10-30,batch_reaction,Anning,TS-304_20231012,TS-304 bulk batch analysis,00173071-K,Zorbax C18,TS-302,Jane Goodall,,,d6eaeaea-cd01-4d23-9b17-e446ae810474,false,,,15.1133333333333,15.3766666666667,81.4349904321736,0.0371585192404092,4.79966527314319,85.6178632189954,12.3027696340042,15.2117930421087,,1.19688851989953,,,0.157218149741988,0.132682507906068,0.0707815357823467,,,Empower,TS-304_20231012_day18_hour_18.0,Unknown,30
2024-09-25 09:47:15.707 UTC,2024-09-25,tetrascience,Merian,TS-613 system suitability,TS-613 Calibration Standard,00823394-K,Zorbax C18,TS-613,William Cruickshank,,,e5b2eb97-7a0f-4f6c-8c50-24ac06dd3156,false,,,16.4566666666667,16.6466666666667,6.11456113828136,0.200295570010024,1.65780668608679,13.891324130697,,16.5361916857299,,1.18994633797872,,,0.127296759825455,0.107634994458746,0.0574362425990849,,,Empower,TS-613 0.2 ug/ml 09/25/2024,Unknown,20
2022-07-10 15:23:21.778 UTC,2022-07-10,batch_reaction,McClintock,TS-304_20220707,TS-304 bulk batch analysis,00084452-B,Zorbax C18,epi-TS-302,Charles Darwin,,,24beb20d-b541-451f-9555-0d35e099133f,false,,,16.6033333333333,16.7566666666667,1.38182998094308,0.000755282158554497,0.050711090543253,0.931115547415292,2.64476437584273,16.6792710521809,,0.954422176269327,,,0.141550902239409,0.119017581787546,0.0571459452362895,,,Empower,TS-304_20220707_day3_hour_3.0,Unknown,30
2022-07-10 15:23:21.778 UTC,2022-07-10,batch_reaction,McClintock,TS-304_20220707,TS-304 bulk batch analysis,00084452-B,Zorbax C18,TS-302,Charles Darwin,,,24beb20d-b541-451f-9555-0d35e099133f,false,,,15.1266666666667,15.4,42.0123793002145,0.0229631727213069,2.94414546463782,54.0579898126687,13.4367905837165,15.2477029300663,,1.19289664566343,,,0.158899405586059,0.134142701715957,0.0685723483971898,,,Empower,TS-304_20220707_day3_hour_3.0,Unknown,30
2024-09-25 09:47:15.707 UTC,2024-09-25,tetrascience,Merian,TS-613 system suitability,TS-613 Calibration Standard,00823394-K,Zorbax C18,"4,5-epoxy-TS-613",William Cruickshank,,,e5b2eb97-7a0f-4f6c-8c50-24ac06dd3156,false,,,14.5833333333333,14.7533333333333,6.15197303011175,0.201521076801085,0.962486488446011,8.06500051823285,19.6002292939253,14.6563771274694,,1.15173871976547,,,0.118323574284169,0.101424854778815,0.0557349425683658,,,Empower,TS-613 0.2 ug/ml 09/25/2024,Unknown,20
2024-09-25 09:47:15.707 UTC,2024-09-25,tetrascience,Merian,TS-613 system suitability,TS-613 Calibration Standard,00823394-K,Zorbax C18,dehydro-TS-613,William Cruickshank,,,e5b2eb97-7a0f-4f6c-8c50-24ac06dd3156,false,,,13.73,13.93,6.29055402319991,0.206060594580925,0.667223602997997,5.5908927227064,8.50464442017662,13.8136782337922,,1.13484524969415,,,0.130473649082335,0.112482935762596,0.0611876053255838,,,Empower,TS-613 0.2 ug/ml 09/25/2024,Unknown,20
2024-10-03 12:54:24.734 UTC,2024-10-03,tetrascience,Merian,TS-613 system suitability,TS-613 Calibration Standard,00823394-K,Zorbax C18,TS-613 hydrolysis pdt B,William Cruickshank,,,ce79ecd5-a358-486b-bef3-506d1f673d0f,false,,,12.9833333333333,13.25,7.68985107776071,2.00202022482984,5.97104393155516,4.92973222898811,7.76625219174207,13.0799158068704,,1.2007599124297,,,0.120090045267068,0.101093054291333,0.0519667765200857,,,Empower,TS-613 2 ug/ml 10/03/2024,Unknown,20
2024-10-03 12:54:24.734 UTC,2024-10-03,tetrascience,Merian,TS-613 system suitability,TS-613 Calibration Standard,00823394-K,Zorbax C18,des-chloro-TS-613,William Cruickshank,,,ce79ecd5-a358-486b-bef3-506d1f673d0f,false,,,12.4666666666667,12.68,7.67875865893539,1.99913236047382,4.5630459997871,3.76728009127996,6.0141432563175,12.5489493542233,,1.22484857001325,,,0.120061327949514,0.101049408073758,0.0522110568671383,,,Empower,TS-613 2 ug/ml 10/03/2024,Unknown,20
2024-10-03 12:54:24.734 UTC,2024-10-03,tetrascience,Merian,TS-613 system suitability,TS-613 Calibration Standard,00823394-K,Zorbax C18,TS-613 free acid,William Cruickshank,,,ce79ecd5-a358-486b-bef3-506d1f673d0f,false,,,12.1566666666667,12.4066666666667,7.70441286405083,2.00581132434109,2.21306973606508,1.8271245912667,3.18680971537051,12.2405822055827,,1.24506537687577,,,0.143854197643865,0.123937953136869,0.0619699793086106,,,Empower,TS-613 2 ug/ml 10/03/2024,Unknown,20
2024-10-03 12:54:24.734 UTC,2024-10-03,tetrascience,Merian,TS-613 system suitability,TS-613 Calibration Standard,00823394-K,Zorbax C18,2'-hydroxy-TS-613,William Cruickshank,,,ce79ecd5-a358-486b-bef3-506d1f673d0f,false,,,11.7366666666667,11.9933333333333,7.67118275204643,1.99716000513693,14.1770715779278,11.7046813708804,4.32698233544918,11.8182440834004,,1.22500332402943,,,0.12124252874418,0.102152875483922,0.0532047419034942,,,Empower,TS-613 2 ug/ml 10/03/2024,Unknown,20
2024-09-25 09:47:15.707 UTC,2024-09-25,tetrascience,Merian,TS-613 system suitability,TS-613 Calibration Standard,00823394-K,Zorbax C18,TS-613 hydrolysis pdt B,William Cruickshank,,,e5b2eb97-7a0f-4f6c-8c50-24ac06dd3156,false,,,13.01,13.1866666666667,6.14383837313545,0.20125460865741,0.595712919111636,4.99168046411786,7.50331266274854,13.0730721518114,,1.17663997333559,,,0.116383874159601,0.10112179744428,0.0552829745392369,,,Empower,TS-613 0.2 ug/ml 09/25/2024,Unknown,20
2024-09-25 09:47:15.707 UTC,2024-09-25,tetrascience,Merian,TS-613 system suitability,TS-613 Calibration Standard,00823394-K,Zorbax C18,des-chloro-TS-613,William Cruickshank,,,e5b2eb97-7a0f-4f6c-8c50-24ac06dd3156,false,,,12.47,12.6466666666667,6.27487361287322,0.205546949095444,0.454961195342768,3.81227406333724,5.84366677728972,12.5426540974732,,1.20309576143642,,,0.120942115923462,0.0997539152094298,0.0518232873290021,,,Empower,TS-613 0.2 ug/ml 09/25/2024,Unknown,20
2024-09-25 09:47:15.707 UTC,2024-09-25,tetrascience,Merian,TS-613 system suitability,TS-613 Calibration Standard,00823394-K,Zorbax C18,TS-613 free acid,William Cruickshank,,,e5b2eb97-7a0f-4f6c-8c50-24ac06dd3156,false,,,12.1566666666667,12.3233333333333,6.54681800923634,0.214455071305486,0.201355855112771,1.68722895887676,3.14103590604476,12.2359059467477,,1.04623895946095,,,0.116378063635167,0.109020892400581,0.0634134780831683,,,Empower,TS-613 0.2 ug/ml 09/25/2024,Unknown,20
2024-09-25 09:47:15.707 UTC,2024-09-25,tetrascience,Merian,TS-613 system suitability,TS-613 Calibration Standard,00823394-K,Zorbax C18,2'-hydroxy-TS-613,William Cruickshank,,,e5b2eb97-7a0f-4f6c-8c50-24ac06dd3156,false,,,11.74,11.9333333333333,6.16595997243897,0.201979249108593,1.41317691980545,11.8414884025927,4.35368389045623,11.8098079547307,,1.20753556589174,,,0.119795237428919,0.101014199362604,0.0520739213769179,,,Empower,TS-613 0.2 ug/ml 09/25/2024,Unknown,20
2022-04-23 23:06:02.960 UTC,2022-04-23,batch_reaction,McClintock,TS-304_20220414,TS-304 bulk batch analysis,00084452-B,Zorbax C18,"2,3-dehydro-R-005",Jane Goodall,,,4618ebbd-36a5-44b4-b517-42652a323d82,false,,,16.8266666666667,17.08,1.89739129755531,0.000886235661657427,3.12392055177374,2.77581550622139,,16.9541364794344,,1.02346833568728,,,0.174394799808987,0.154689198872777,0.0837816360555976,,,Empower,TS-304_20220414_day9_hour_9.0,Unknown,30
2022-11-25 15:47:30.859 UTC,2022-11-25,batch_reaction,McClintock,TS-304_20221110,TS-304 bulk batch analysis,00084452-B,Zorbax C18,"2,3-dehydro-R-005",Galileo Galilei,,,d4ae05c8-a6a2-410d-b2b8-dbc377e6bdd1,false,,,16.8233333333333,17.09,2.3468623401889,0.00107272038153296,3.79142150348546,3.33522679394866,8.46056661155006,16.964470987663,,1.03883899947868,,,0.177745981684833,0.154102801295576,0.0834837013304757,,,Empower,TS-304_20221110_day15_hour_15.0,Unknown,30
2022-11-25 15:47:30.859 UTC,2022-11-25,batch_reaction,McClintock,TS-304_20221110,TS-304 bulk batch analysis,00084452-B,Zorbax C18,epi-TS-302,Galileo Galilei,,,d4ae05c8-a6a2-410d-b2b8-dbc377e6bdd1,false,,,16.5766666666667,16.8233333333333,2.3999664671821,0.00109699359023106,2.04822181478618,1.80177389149293,2.14399459914409,16.6816425608996,,1.19604714681264,,,0.163283925667418,0.138303915126333,0.0721778585046629,,,Empower,TS-304_20221110_day15_hour_15.0,Unknown,30
2023-04-01 15:32:53.892 UTC,2023-04-01,batch_reaction,Noether,TS-304_20230316,TS-304 bulk batch analysis,00004030-M,Zorbax C18,"2,3-dehydro-R-005",Charles Darwin,,,20d4391b-5e7b-479d-9db9-95060504118d,false,,,16.8633333333333,17.02,2.3912073111449,0.0011002176654597,0.176490874390028,3.14866921092105,,16.941205288846,,1.03030409573524,,,0.153086718124836,0.146259688999553,0.0761337255205348,,,Empower,TS-304_20230316_day16_hour_16.0,Unknown,30
2023-10-30 23:36:43.677 UTC,2023-10-30,batch_reaction,Anning,TS-304_20231012,TS-304 bulk batch analysis,00173071-K,Zorbax C18,"3,4-dehydro-R-005",Jane Goodall,,,d6eaeaea-cd01-4d23-9b17-e446ae810474,false,,,14.16,14.31,2.0604672174559,0.000940184438381395,0.0915379883951364,1.63288198733582,8.77919188700618,14.2199252332388,,1.08265615747768,,,0.124014863538706,0.115618709466196,0.0625341531250534,,,Empower,TS-304_20231012_day18_hour_18.0,Unknown,30
2023-10-30 23:36:43.677 UTC,2023-10-30,batch_reaction,Anning,TS-304_20231012,TS-304 bulk batch analysis,00173071-K,Zorbax C18,R-005 isocyanate precursor,Jane Goodall,,,d6eaeaea-cd01-4d23-9b17-e446ae810474,false,,,10.7733333333333,10.86,2.87842189121185,0.0013134144752641,0.0267145982579147,0.476542985694228,37.1543052740158,10.8165477193148,,0.973534778044469,,,0.0824800887210184,0.0782935107753673,0.0455552173210396,,,Empower,TS-304_20231012_day18_hour_18.0,Unknown,30
2023-10-30 23:36:43.677 UTC,2023-10-30,batch_reaction,Anning,TS-304_20231012,TS-304 bulk batch analysis,00173071-K,Zorbax C18,R-005 biuret,Jane Goodall,,,d6eaeaea-cd01-4d23-9b17-e446ae810474,false,,,9.97,10.1433333333333,3.72353239630416,0.00169903562898548,0.201615234401311,3.59647279122294,7.12594302913822,10.0546770584252,,1.02088184973688,,,0.167225336156211,0.152151915514212,0.0806045591708138,,,Empower,TS-304_20231012_day18_hour_18.0,Unknown,30
2023-10-30 23:36:43.677 UTC,2023-10-30,batch_reaction,Anning,TS-304_20231012,TS-304 bulk batch analysis,00173071-K,Zorbax C18,Amine A-391,Jane Goodall,,,d6eaeaea-cd01-4d23-9b17-e446ae810474,false,,,8.37666666666667,8.53,4.98537313206908,0.0022748094211775,0.219129508694614,3.908897649101,13.2330829455702,8.44483956055121,,1.00407336450951,,,0.129794324153446,0.11410905902207,0.062945379668431,,,Empower,TS-304_20231012_day18_hour_18.0,Unknown,30
2022-08-02 08:54:22.451 UTC,2022-08-02,batch_reaction,Leavitt,TS-304_20220707,TS-304 bulk batch analysis,00922575-B,Zorbax C18,TS-304 ring closure c,Jane Goodall,,,06f17ae0-5301-4fb6-9a5e-91bc945d0a44,false,,,24.4966666666667,24.61,1.09983851271244,0.000524642275695796,0.0282360375226358,0.196201937199245,,24.5513243717149,,0.92547335511073,,,0.0986268242967796,0.0872536485935669,0.0413889987469531,,,Empower,TS-304_20220707_day26_hour_26.0,Unknown,30
2023-04-01 15:32:53.892 UTC,2023-04-01,batch_reaction,Noether,TS-304_20230316,TS-304 bulk batch analysis,00004030-M,Zorbax C18,epi-TS-302,Charles Darwin,,,20d4391b-5e7b-479d-9db9-95060504118d,false,,,16.5966666666667,16.74,2.23899847508047,0.00103018490439518,0.0785772306336391,1.40184985558416,2.44840449136796,16.6571823102992,,1.07349730732601,,,0.123824374058792,0.111963351413714,0.0607501577866678,,,Empower,TS-304_20230316_day16_hour_16.0,Unknown,30
2023-04-01 15:32:53.892 UTC,2023-04-01,batch_reaction,Noether,TS-304_20230316,TS-304 bulk batch analysis,00004030-M,Zorbax C18,TS-302,Charles Darwin,,,20d4391b-5e7b-479d-9db9-95060504118d,false,,,15.13,15.3933333333333,80.5988704459745,0.0370843216593801,4.78176489066217,85.3086367050261,13.2174830494449,15.2281083054807,,1.1983172007178,,,0.151966767204664,0.130863394462693,0.0668314187795733,,,Empower,TS-304_20230316_day16_hour_16.0,Unknown,30
2022-04-23 23:06:02.960 UTC,2022-04-23,batch_reaction,McClintock,TS-304_20220414,TS-304 bulk batch analysis,00084452-B,Zorbax C18,epi-TS-302,Jane Goodall,,,4618ebbd-36a5-44b4-b517-42652a323d82,false,,,16.5766666666667,16.8166666666667,2.20665008368276,0.00103068460337027,1.90110402438409,1.68925999953134,2.13724181646393,16.6722993662629,,1.16504288776056,,,0.159476144819955,0.138147099965245,0.0718244310634226,,,Empower,TS-304_20220414_day9_hour_9.0,Unknown,30
2022-04-23 23:06:02.960 UTC,2022-04-23,batch_reaction,McClintock,TS-304_20220414,TS-304 bulk batch analysis,00084452-B,Zorbax C18,TS-302,Jane Goodall,,,4618ebbd-36a5-44b4-b517-42652a323d82,false,,,15.12,15.48,75.0140018582821,0.0350376243720007,91.1456553928289,80.9891030744916,12.0006997739773,15.2370968183374,,1.20191204039007,,,0.159081831063501,0.13465847411722,0.0692955901393759,,,Empower,TS-304_20220414_day9_hour_9.0,Unknown,30
2024-08-29 13:42:46.682 UTC,2024-08-29,tetrascience,Merian,TS-613 system suitability,TS-613 Calibration Standard,00823394-K,Zorbax C18,5'-hydroxy-TS-613,Eugène-Melchior Péligot,,,47614915-feba-4cba-bd73-b5aa2f7d5685,false,,,11.4366666666667,11.6933333333333,6.27044949337718,2.0097920979324,6.16362636717098,5.08820174577688,3.12380621151557,11.5337522699865,,1.21055112497429,,,0.118543805717637,0.0994734902349261,0.0508753114965632,,,Empower,TS-613 2 ug/ml 08/29/2024,Unknown,20
2024-08-29 13:42:46.682 UTC,2024-08-29,tetrascience,Merian,TS-613 system suitability,TS-613 Calibration Standard,00823394-K,Zorbax C18,3'-hydroxy-TS-613,Eugène-Melchior Péligot,,,47614915-feba-4cba-bd73-b5aa2f7d5685,false,,,11.1266666666667,11.3766666666667,6.28967673518482,2.01595477553483,4.15196589112279,3.42753418801302,3.39262541354687,11.2396894184206,,1.19360418418122,,,0.115259287032465,0.0997906618791085,0.0514036384465193,,,Empower,TS-613 2 ug/ml 08/29/2024,Unknown,20
2024-08-29 13:42:46.682 UTC,2024-08-29,tetrascience,Merian,TS-613 system suitability,TS-613 Calibration Standard,00823394-K,Zorbax C18,TS-613 hydrolysis pdt A,Eugène-Melchior Péligot,,,47614915-feba-4cba-bd73-b5aa2f7d5685,false,,,9.36333333333333,9.54666666666667,6.23887354903211,1.99967143856077,2.4725172260338,2.04111438892149,21.0471632946382,9.43364693198972,,1.21232126952438,,,0.112928307897876,0.0941145917598369,0.0498513432417411,,,Empower,TS-613 2 ug/ml 08/29/2024,Unknown,20
2024-08-29 13:42:46.682 UTC,2024-08-29,tetrascience,Merian,TS-613 system suitability,TS-613 Calibration Standard,00823394-K,Zorbax C18,4a-hydroxy-TS-613,Eugène-Melchior Péligot,,,47614915-feba-4cba-bd73-b5aa2f7d5685,false,,,9.04333333333334,9.25666666666667,6.23704999148792,1.99908695549519,8.78592362727649,7.2529626676721,3.78041153963316,9.11792668764607,,1.20391512081832,,,0.111865830717434,0.0963164055766193,0.0486960991252516,,,Empower,TS-613 2 ug/ml 08/29/2024,Unknown,20
2024-08-29 13:42:46.682 UTC,2024-08-29,tetrascience,Merian,TS-613 system suitability,TS-613 Calibration Standard,00823394-K,Zorbax C18,"4,5-dihydroxy-TS-613",Eugène-Melchior Péligot,,,47614915-feba-4cba-bd73-b5aa2f7d5685,false,,,8.40666666666667,8.63,6.26359929484037,2.0075964858151,4.51385556165717,3.72628163694978,6.6540962511863,8.49762385928877,,1.14320376543564,,,0.134562887311896,0.114087924567833,0.0613049152621077,,,Empower,TS-613 2 ug/ml 08/29/2024,Unknown,20
2024-08-29 13:42:46.682 UTC,2024-08-29,tetrascience,Merian,TS-613 system suitability,TS-613 Calibration Standard,00823394-K,Zorbax C18,TS-613 2-glucuronide,Eugène-Melchior Péligot,,,47614915-feba-4cba-bd73-b5aa2f7d5685,false,,,8.20333333333333,8.40666666666667,6.22932721436022,1.99661166620983,11.8754185776229,9.80340499877286,1.97142263198393,8.29975632402897,,1.15174618877124,,,0.124132503540132,0.107803567741577,0.0571291981636826,,,Empower,TS-613 2 ug/ml 08/29/2024,Unknown,20
2024-08-29 13:42:46.682 UTC,2024-08-29,tetrascience,Merian,TS-613 system suitability,TS-613 Calibration Standard,00823394-K,Zorbax C18,TS-613 2-sulfate,Eugène-Melchior Péligot,,,47614915-feba-4cba-bd73-b5aa2f7d5685,false,,,7.65,7.81333333333333,6.27812272189252,2.0122515059943,1.30174085690222,1.07461414856642,5.87445017368222,7.72555371448952,,1.08375605539104,,,0.119645957458481,0.102892632998646,0.0582108011935425,,,Empower,TS-613 2 ug/ml 08/29/2024,Unknown,20
2024-08-29 13:42:46.682 UTC,2024-08-29,tetrascience,Merian,TS-613 system suitability,TS-613 Calibration Standard,00823394-K,Zorbax C18,TS-613 3-glucuronide,Eugène-Melchior Péligot,,,47614915-feba-4cba-bd73-b5aa2f7d5685,false,,,7.37,7.52333333333333,6.24421430622187,2.00138324751614,6.98315688647405,5.76474123253835,3.25490816529098,7.43895373832797,,1.04908767653312,,,0.0911603870760214,0.0792376436829443,0.0456901246380745,,,Empower,TS-613 2 ug/ml 08/29/2024,Unknown,20
2023-03-16 08:24:19.633 UTC,2023-03-16,batch_reaction,Carson,TS-304_20230316,TS-304 bulk batch analysis,00397119-O,Zorbax C18,TS-302,Albert Einstein,,,43a3f6d3-b651-439a-99aa-a9f913669f61,false,,,15.1433333333333,15.3033333333333,1.65348608322703,0.000868706498101985,0.0903527456848932,1.72235637541322,,15.2165255359372,,1.04984510031861,,,0.146652738591136,0.132699034806123,0.0662076830893579,,,Empower,TS-304_20230316_day0_hour_0.0,Unknown,30
2024-04-04 10:20:22.958 UTC,2024-04-04,batch_reaction,Leavitt,TS-304_20240328,TS-304 bulk batch analysis,00527723-S,Zorbax C18,Amine A-391,Jane Goodall,,,ff2dcf4e-422d-44a3-a008-26b568b04c21,false,,,8.33333333333333,8.56,10.643215357428,0.00529699268765587,11.0723826471008,9.75792610021451,13.4120149785139,8.43921212694259,,1.04569063769538,,,0.129261115707283,0.115085285856296,0.0608454229283417,,,Empower,TS-304_20240328_day7_hour_7.0,Unknown,30
2024-04-04 10:20:22.958 UTC,2024-04-04,batch_reaction,Leavitt,TS-304_20240328,TS-304 bulk batch analysis,00527723-S,Zorbax C18,TS-302 urea,Jane Goodall,,,ff2dcf4e-422d-44a3-a008-26b568b04c21,false,,,7.50333333333333,7.65666666666667,0.061337497825541,3.05268912212928E-05,0.0778516732057215,0.0686095213769,8.1287227152612,7.57776021072,,0.904407497225581,,,0.131737024557282,0.101825138568876,0.0642066051392671,,,Empower,TS-304_20240328_day7_hour_7.0,Unknown,30
2024-04-03 14:12:24.843 UTC,2024-04-03,batch_reaction,Leavitt,TS-304_20240328,TS-304 bulk batch analysis,00527723-S,Zorbax C18,"2,3-dehydro-R-005",Jane Goodall,,,c3801d61-2885-4f35-a446-50a5680e36a3,false,,,16.82,17.0066666666667,1.58628143906477,0.000818342032388362,0.121544019203962,2.18362272445253,,16.9182702852146,,1.03338696490264,,,0.145427579929471,0.142187004457558,0.0809711206206281,,,Empower,TS-304_20240328_day6_hour_6.0,Unknown,30
2024-04-03 14:12:24.843 UTC,2024-04-03,batch_reaction,Leavitt,TS-304_20240328,TS-304 bulk batch analysis,00527723-S,Zorbax C18,epi-TS-302,Jane Goodall,,,c3801d61-2885-4f35-a446-50a5680e36a3,false,,,16.5733333333333,16.71,1.88032172905664,0.000970033606525348,0.0668329371245452,1.20070013483894,2.33929504496367,16.6372486211665,,0.991305336316928,,,0.119887616160238,0.101510981288484,0.0607833640437718,,,Empower,TS-304_20240328_day6_hour_6.0,Unknown,30
