injection_time,column_serial_number,column_serial_number_original,peak_width_5,anomaly,anomaly_score,anomaly_feature,anomaly_deviation,anomaly_cause,injection_count,system_name,system_name_original,analyte,analyte_original,method_set_name,method_set_name_original,sample_name,sample_name_original,project,project_original,system_operator,system_operator_original,predicted_peak_width_5,retention_time,predicted_retention_time,signal_to_noise_ratio,predicted_signal_to_noise_ratio,amount_percent,predicted_amount_percent,amount_value,predicted_amount_value,area_percent,predicted_area_percent,area_value,predicted_area_value,peak_width_50,predicted_peak_width_50,resolution,predicted_resolution,peak_width_10,predicted_peak_width_10,parameter,predicted_date,anomaly_flag,replacement_alert,
2024-10-08 14:15:05.809,7,00135435-A,0.128384504834589,1,-0.00162461393457125,peak_width_5,0,peak_width_5 (low deviation: 0.000) due to improper mobile phase flow, recommend Adjust flow rate. (check system Wu),931,18,Wu,29,TS-613,1,TS-613 Calibration Standard,733,TS-613 - 0.2 ug/ml standard - 24 Oct 08,2,TetraScience,11,Johann Heinrich Pott,,16.4080911233744,,0,,6.14534791201686,,0.201681930890594,,13.7374380129409,,1.65174362110917,,0.058577140195883,,5.7827237058066,,0.108899157249468,,peak_width_5,2024-10-08 14:15:05.809,True,False
2024-10-08 14:15:05.809,7,00135435-A,0.125530744693398,1,-0.0285939510275861,peak_width_5,0,"peak_width_5 (low deviation: 0.000) due to improper mobile phase flow; recommend Adjust flow rate. (related to analyte 4,5-epoxy-TS-613)",932,18,Wu,6,"4,5-epoxy-TS-613",1,TS-613 Calibration Standard,733,TS-613 - 0.2 ug/ml standard - 24 Oct 08,2,TetraScience,11,Johann Heinrich Pott,,14.5334172424565,,0,,6.16341191700363,,0.202274766879298,,8.18716432118463,,0.984397267507252,,0.0560702026842232,,19.294953759168,,0.105594513158335,,peak_width_5,2024-10-08 14:15:05.809,True,False,
2024-10-08 14:15:05.809,7,00135435-A,0.128185028617816,1,-0.00538361262774634,peak_width_5,0,peak_width_5 (low deviation: 0.000) due to improper mobile phase flow, recommend Adjust flow rate. (verify method settings),933,18,Wu,41,dehydro-TS-613,1,TS-613 Calibration Standard,733,TS-613 - 0.2 ug/ml standard - 24 Oct 08,2,TetraScience,11,Johann Heinrich Pott,,13.68902895312,,0,,6.24109177260934,,0.204824113717615,,5.58371400068789,,0.671367104553708,,0.0591789451513751,,8.64542775481873,,0.111268882853445,,peak_width_5,2024-10-08 14:15:05.809,True,False
2024-10-08 14:15:05.809,7,00135435-A,0.122573384006174,0,0.0190149103958184,peak_width_5,0,No anomaly detected,934,18,Wu,35,TS-613 hydrolysis pdt B,1,TS-613 Calibration Standard,733,TS-613 - 0.2 ug/ml standard - 24 Oct 08,2,TetraScience,11,Johann Heinrich Pott,,12.9524008650317,,0,,6.06512426859412,,0.199049100408053,,4.92187291020041,,0.591789544431447,,0.0532057716635172,,7.73433584724729,,0.102357774310139,,peak_width_5,2024-10-08 14:15:05.809,False,False,
2024-10-08 14:15:05.809,7,00135435-A,0.121085424800185,0,0.00944132524883645,peak_width_5,0,No anomaly detected,935,18,Wu,44,des-chloro-TS-613,1,TS-613 Calibration Standard,733,TS-613 - 0.2 ug/ml standard - 24 Oct 08,2,TetraScience,11,Johann Heinrich Pott,,12.425058887237,,0,,6.1600683345163,,0.202165035065608,,3.72369322815188,,0.447724425091004,,0.0528736922044661,,5.86601318585219,,0.101912526964343,,peak_width_5,2024-10-08 14:15:05.809,False,False,
2024-10-08 14:15:05.809,7,00135435-A,0.145786874034755,1,-0.0809666203170324,peak_width_5,0,peak_width_5 (low deviation: 0.000) due to improper mobile phase flow, recommend Adjust flow rate.,936,18,Wu,33,TS-613 free acid,1,TS-613 Calibration Standard,733,TS-613 - 0.2 ug/ml standard - 24 Oct 08,2,TetraScience,11,Johann Heinrich Pott,,12.1150575515582,,0,,6.33439719705847,,0.207886270398553,,1.82380602174739,,0.219288338897249,,0.0654864924332887,,3.09057963385699,,0.118139323008609,,peak_width_5,2024-10-08 14:15:05.809,True,False
2024-10-08 14:15:05.809,7,00135435-A,0.119077165977714,0,0.0168821118800464,peak_width_5,0,No anomaly detected,937,18,Wu,0,2'-hydroxy-TS-613,1,TS-613 Calibration Standard,733,TS-613 - 0.2 ug/ml standard - 24 Oct 08,2,TetraScience,11,Johann Heinrich Pott,,11.694273792809,,0,,6.11925804075175,,0.200825696924874,,11.6649854458505,,1.40255885284902,,0.054026903059146,,4.15455383288403,,0.103368848116,,peak_width_5,2024-10-08 14:15:05.809,False,False,
2024-10-08 14:15:05.809,7,00135435-A,0.1184554606023,0,0.0328527135786672,peak_width_5,0,No anomaly detected,938,18,Wu,8,5'-hydroxy-TS-613,1,TS-613 Calibration Standard,733,TS-613 - 0.2 ug/ml standard - 24 Oct 08,2,TetraScience,11,Johann Heinrich Pott,,11.4221533064143,,0,,6.25188697221811,,0.205178397434765,,5.10775192639608,,0.614139015927517,,0.0530786534174705,,2.99799734494417,,0.102983702771869,,peak_width_5,2024-10-08 14:15:05.809,False,False,
2024-10-08 14:15:05.809,7,00135435-A,0.117801566062473,0,0.0273823947034333,peak_width_5,0,No anomaly detected,939,18,Wu,3,3'-hydroxy-TS-613,1,TS-613 Calibration Standard,733,TS-613 - 0.2 ug/ml standard - 24 Oct 08,2,TetraScience,11,Johann Heinrich Pott,,11.1288790467647,,0,,6.24212962347045,,0.204858174566348,,3.39846261704373,,0.408619783688344,,0.0521311582577421,,3.28927141752587,,0.101145748894709,,peak_width_5,2024-10-08 14:15:05.809,False,False,
2024-10-08 14:15:05.809,7,00135435-A,0.104395648722219,1,-0.0587415308529869,peak_width_5,0,peak_width_5 (low deviation: 0.000) due to column packing issue, recommend Inspect column. (related to analyte TS-613 hydrolysis pdt A),940,18,Wu,34,TS-613 hydrolysis pdt A,1,TS-613 Calibration Standard,733,TS-613 - 0.2 ug/ml standard - 24 Oct 08,2,TetraScience,11,Johann Heinrich Pott,,9.32568931931735,,0,,6.38751090245691,,0.209629389716592,,2.00268928958141,,0.240796664997768,,0.0504278033997813,,20.7467377204263,,0.0907345371060888,,peak_width_5,2024-10-08 14:15:05.809,True,False
2024-10-08 14:15:05.809,7,00135435-A,0.109308239771424,1,-0.0066780713154182,peak_width_5,0,peak_width_5 (low deviation: 0.000) due to column packing issue, recommend Inspect column. (check system Wu),941,18,Wu,7,4a-hydroxy-TS-613,1,TS-613 Calibration Standard,733,TS-613 - 0.2 ug/ml standard - 24 Oct 08,2,TetraScience,11,Johann Heinrich Pott,,9.01067316425251,,0,,6.16486658759501,,0.202322507182675,,7.24191840677017,,0.870744058805396,,0.0493771484026179,,3.72445511233213,,0.0975492535873421,,peak_width_5,2024-10-08 14:15:05.809,True,False
2024-10-08 14:15:05.809,7,00135435-A,0.134696737128216,1,-0.026230586592803,peak_width_5,0,"peak_width_5 (low deviation: 0.000) due to column packing issue; recommend Inspect column. (related to analyte 4,5-dihydroxy-TS-613)",942,18,Wu,5,"4,5-dihydroxy-TS-613",1,TS-613 Calibration Standard,733,TS-613 - 0.2 ug/ml standard - 24 Oct 08,2,TetraScience,11,Johann Heinrich Pott,,8.39209454054774,,0,,6.43869517048294,,0.211309187533494,,3.76357988343592,,0.45252026317746,,0.0611466879769331,,6.6042113618368,,0.113599375390711,,peak_width_5,2024-10-08 14:15:05.809,True,False,
2024-10-08 14:15:05.809,7,00135435-A,0.126535200434335,0,0.0146625912383687,peak_width_5,0,No anomaly detected,943,18,Wu,30,TS-613 2-glucuronide,1,TS-613 Calibration Standard,733,TS-613 - 0.2 ug/ml standard - 24 Oct 08,2,TetraScience,11,Johann Heinrich Pott,,8.1929905050172,,0,,6.15160222037211,,0.201887188754515,,10.0075792639931,,1.20327787440958,,0.0574139959455024,,1.98162455000461,,0.109256590781268,,peak_width_5,2024-10-08 14:15:05.809,False,False,
2024-10-08 14:15:05.809,7,00135435-A,0.109297434155782,1,-0.0057784290842845,peak_width_5,0,peak_width_5 (low deviation: 0.000) due to improper mobile phase flow, recommend Adjust flow rate.,944,18,Wu,31,TS-613 2-sulfate,1,TS-613 Calibration Standard,733,TS-613 - 0.2 ug/ml standard - 24 Oct 08,2,TetraScience,11,Johann Heinrich Pott,,7.62165822032313,,0,,6.72724366783045,,0.220778955386154,,0.975006483348403,,0.11723152001805,,0.0558298875506562,,5.95327601920217,,0.095875752832387,,peak_width_5,2024-10-08 14:15:05.809,True,False
2024-10-08 14:15:05.809,7,00135435-A,0.0916946877325024,1,-0.0541457642610418,peak_width_5,0,peak_width_5 (low deviation: 0.000) due to column packing issue, recommend Inspect column. (verify method settings),945,18,Wu,32,TS-613 3-glucuronide,1,TS-613 Calibration Standard,733,TS-613 - 0.2 ug/ml standard - 24 Oct 08,2,TetraScience,11,Johann Heinrich Pott,,7.33540789899757,,0,,6.2341025771742,,0.204594737862755,,5.7479160917286,,0.691110215037176,,0.0460226751845649,,3.31631693983248,,0.0798570683411625,,peak_width_5,2024-10-08 14:15:05.809,True,False
2024-10-08 14:15:05.809,7,00135435-A,0.12433925347489,1,-0.00339325277267544,peak_width_5,0,peak_width_5 (low deviation: 0.000) due to improper mobile phase flow, recommend Adjust flow rate. (related to analyte 2-glucosyl-TS-613),946,18,Wu,2,2-glucosyl-TS-613,1,TS-613 Calibration Standard,733,TS-613 - 0.2 ug/ml standard - 24 Oct 08,2,TetraScience,11,Johann Heinrich Pott,,6.7036602671146,,0,,6.17326283584933,,0.20259806059062,,12.112422096939,,1.45635713995245,,0.0579540332586567,,7.16951148755565,,0.110527309340055,,peak_width_5,2024-10-08 14:15:05.809,True,False
2024-10-08 14:35:14.986,7,00135435-A,0.127008654770965,0,0.00470636645465672,peak_width_5,0,No anomaly detected,947,18,Wu,29,TS-613,1,TS-613 Calibration Standard,853,TS-613 - 2 ug/ml standard - 24 Oct 08,2,TetraScience,11,Johann Heinrich Pott,,16.426753099964,,0,,6.25596843932552,,2.00064390124656,,13.8616792986773,,16.7744172462825,,0.0569377745167649,,5.7827237058066,,0.110798756893377,,peak_width_5,2024-10-08 14:35:14.986,False,False,
2024-10-08 14:35:14.986,7,00135435-A,0.1253632438629,1,-0.0192335713178992,peak_width_5,0,"peak_width_5 (low deviation: 0.000) due to improper mobile phase flow; recommend Adjust flow rate. (related to analyte 4,5-epoxy-TS-613)",948,18,Wu,6,"4,5-epoxy-TS-613",1,TS-613 Calibration Standard,853,TS-613 - 2 ug/ml standard - 24 Oct 08,2,TetraScience,11,Johann Heinrich Pott,,14.5499194523885,,0,,6.24926480402236,,1.99850009454173,,8.13133609272925,,9.83996393584233,,0.056254130194226,,19.5655661930391,,0.106010261090528,,peak_width_5,2024-10-08 14:35:14.986,True,False,
2024-10-08 14:35:14.986,7,00135435-A,0.131517135389513,1,-0.0157111377242765,peak_width_5,0,peak_width_5 (low deviation: 0.000) due to column packing issue, recommend Inspect column. (related to analyte dehydro-TS-613),949,18,Wu,41,dehydro-TS-613,1,TS-613 Calibration Standard,853,TS-613 - 2 ug/ml standard - 24 Oct 08,2,TetraScience,11,Johann Heinrich Pott,,13.7083371124829,,0,,6.24668727985816,,1.9976758084141,,5.5920933677744,,6.76715320056263,,0.0597185298145408,,8.5629419986872,,0.114806283447283,,peak_width_5,2024-10-08 14:35:14.986,True,False
2024-10-08 14:35:14.986,7,00135435-A,0.118981280313363,0,0.0310015255395479,peak_width_5,0,No anomaly detected,950,18,Wu,35,TS-613 hydrolysis pdt B,1,TS-613 Calibration Standard,853,TS-613 - 2 ug/ml standard - 24 Oct 08,2,TetraScience,11,Johann Heinrich Pott,,12.9711387690616,,0,,6.23201109373572,,1.99298239882545,,4.90513522176146,,5.93584536810879,,0.0540161224861641,,7.64845214400661,,0.103118708481938,,peak_width_5,2024-10-08 14:35:14.986,False,False,
2024-10-08 14:35:14.986,7,00135435-A,0.117812537809124,0,0.0236096073675401,peak_width_5,0,No anomaly detected,951,18,Wu,44,des-chloro-TS-613,1,TS-613 Calibration Standard,853,TS-613 - 2 ug/ml standard - 24 Oct 08,2,TetraScience,11,Johann Heinrich Pott,,12.4419941186847,,0,,6.24212619487453,,1.9962171842308,,3.76507797906545,,4.55622927242737,,0.0528739445948005,,5.84142853022799,,0.101940994840541,,peak_width_5,2024-10-08 14:35:14.986,False,False,
2024-10-08 14:35:14.986,7,00135435-A,0.14955431970729,1,-0.094035786092143,peak_width_5,0,peak_width_5 (low deviation: 0.000) due to improper mobile phase flow, recommend Adjust flow rate. (verify method settings),952,18,Wu,33,TS-613 free acid,1,TS-613 Calibration Standard,853,TS-613 - 2 ug/ml standard - 24 Oct 08,2,TetraScience,11,Johann Heinrich Pott,,12.1356170444075,,0,,6.23308464696884,,1.99332571860868,,1.8189255896193,,2.20113422932285,,0.0637044497129739,,3.10113164445098,,0.122661754479942,,peak_width_5,2024-10-08 14:35:14.986,True,False
2024-10-08 14:35:14.986,7,00135435-A,0.122735375032866,0,0.0182525194464109,peak_width_5,0,No anomaly detected,953,18,Wu,0,2'-hydroxy-TS-613,1,TS-613 Calibration Standard,853,TS-613 - 2 ug/ml standard - 24 Oct 08,2,TetraScience,11,Johann Heinrich Pott,,11.7108219403912,,0,,6.23827516680611,,1.99498563456853,,11.7008334250292,,14.1595154361577,,0.0544064972047895,,4.24396074894117,,0.103456931893446,,peak_width_5,2024-10-08 14:35:14.986,False,False,
2024-10-08 14:35:14.986,7,00135435-A,0.119379615010946,0,0.0327470894967482,peak_width_5,0,No anomaly detected,954,18,Wu,8,5'-hydroxy-TS-613,1,TS-613 Calibration Standard,853,TS-613 - 2 ug/ml standard - 24 Oct 08,2,TetraScience,11,Johann Heinrich Pott,,11.4402228331751,,0,,6.25082502994504,,1.9989990510993,,5.08056381739697,,6.14813656289933,,0.051418535703096,,3.01731015565047,,0.100079392671152,,peak_width_5,2024-10-08 14:35:14.986,False,False,
2024-10-08 14:35:14.986,7,00135435-A,0.117085032078208,0,0.0290396464902019,peak_width_5,0,No anomaly detected,955,18,Wu,3,3'-hydroxy-TS-613,1,TS-613 Calibration Standard,853,TS-613 - 2 ug/ml standard - 24 Oct 08,2,TetraScience,11,Johann Heinrich Pott,,11.144850038181,,0,,6.25223387769041,,1.99944959727403,,3.43065249670922,,4.15153136693131,,0.0528032073012898,,3.34421482548353,,0.0981748622933498,,peak_width_5,2024-10-08 14:35:14.986,False,False,
2024-10-08 14:35:14.986,7,00135435-A,0.113266942185216,1,-0.0338572949923053,peak_width_5,0,peak_width_5 (low deviation: 0.000) due to improper mobile phase flow, recommend Adjust flow rate.,956,18,Wu,34,TS-613 hydrolysis pdt A,1,TS-613 Calibration Standard,853,TS-613 - 2 ug/ml standard - 24 Oct 08,2,TetraScience,11,Johann Heinrich Pott,,9.34397177130692,,0,,6.25403350295825,,2.00002511317562,,2.04084369413432,,2.46968371740646,,0.0498219508262156,,20.7067778864826,,0.0978765648636219,,peak_width_5,2024-10-08 14:35:14.986,True,False
2024-10-08 14:35:14.986,7,00135435-A,0.1118818231818,0,0.017879759496352,peak_width_5,0,No anomaly detected,957,18,Wu,7,4a-hydroxy-TS-613,1,TS-613 Calibration Standard,853,TS-613 - 2 ug/ml standard - 24 Oct 08,2,TetraScience,11,Johann Heinrich Pott,,9.02848328631661,,0,,6.24293171001898,,1.99647478606763,,7.25773877707116,,8.78279867019667,,0.051685833215421,,3.66746664606403,,0.0962585593217699,,peak_width_5,2024-10-08 14:35:14.986,False,False,
2024-10-08 14:35:14.986,7,00135435-A,0.135160460046125,1,-0.0268943409463986,peak_width_5,0,peak_width_5 (low deviation: 0.000) due to column packing issue, recommend Inspect column. (verify method settings),958,18,Wu,5,"4,5-dihydroxy-TS-613",1,TS-613 Calibration Standard,853,TS-613 - 2 ug/ml standard - 24 Oct 08,2,TetraScience,11,Johann Heinrich Pott,,8.41107160427526,,0,,6.25153975878817,,1.99922761969183,,3.71658974367375,,4.49755226263145,,0.0614655844500404,,6.43868013181041,,0.114605512527517,,peak_width_5,2024-10-08 14:35:14.986,True,False
2024-10-08 14:35:14.986,7,00135435-A,0.126523355415232,0,0.0163113807733572,peak_width_5,0,No anomaly detected,959,18,Wu,30,TS-613 2-glucuronide,1,TS-613 Calibration Standard,853,TS-613 - 2 ug/ml standard - 24 Oct 08,2,TetraScience,11,Johann Heinrich Pott,,8.2111053334681,,0,,6.23811830768425,,1.99493547139259,,9.80086593407562,,11.8603100685462,,0.0558204188196924,,2.01183596485753,,0.106666131093238,,peak_width_5,2024-10-08 14:35:14.986,False,False,
2024-10-08 14:35:14.986,7,00135435-A,0.122439999895175,0,0.0230125595238243,peak_width_5,0,No anomaly detected,960,18,Wu,31,TS-613 2-sulfate,1,TS-613 Calibration Standard,853,TS-613 - 2 ug/ml standard - 24 Oct 08,2,TetraScience,11,Johann Heinrich Pott,,7.64040021369633,,0,,6.31891503396982,,2.02077407324163,,1.08437215065288,,1.31222996242856,,0.0571601226763274,,5.96060199759636,,0.105824661768222,,peak_width_5,2024-10-08 14:35:14.986,False,False,
2024-10-08 14:35:14.986,7,00135435-A,0.0924043001800116,1,-0.0493135204285953,peak_width_5,0,peak_width_5 (low deviation: 0.000) due to column packing issue, recommend Inspect column. (check system Wu),961,18,Wu,32,TS-613 3-glucuronide,1,TS-613 Calibration Standard,853,TS-613 - 2 ug/ml standard - 24 Oct 08,2,TetraScience,11,Johann Heinrich Pott,,7.35438151319952,,0,,6.25028762283633,,1.99882718957779,,5.76483902896975,,6.97619769913592,,0.0466188868388437,,3.25212264178421,,0.0804009445566231,,peak_width_5,2024-10-08 14:35:14.986,True,False
2024-10-08 14:35:14.986,7,00135435-A,0.127164579373047,1,-0.0183133421258661,peak_width_5,0,peak_width_5 (low deviation: 0.000) due to column packing issue, recommend Inspect column. (related to analyte 2-glucosyl-TS-613),962,18,Wu,2,2-glucosyl-TS-613,1,TS-613 Calibration Standard,853,TS-613 - 2 ug/ml standard - 24 Oct 08,2,TetraScience,11,Johann Heinrich Pott,,6.7240149184871,,0,,6.24369753051754,,1.99671969365064,,12.0484533826599,,14.5801803560991,,0.0609793417168935,,6.91305602094881,,0.110167022771042,,peak_width_5,2024-10-08 14:35:14.986,True,False
2024-10-11 12:07:47.562,7,00135435-A,0.128438605247787,0,0.0138672935632467,peak_width_5,0,No anomaly detected,963,18,Wu,29,TS-613,1,TS-613 Calibration Standard,734,TS-613 - 0.2 ug/ml standard - 24 Oct 11,2,TetraScience,11,Johann Heinrich Pott,,16.4221155438187,,0,,6.19707113492043,,0.202107772075043,,13.9620375353826,,1.66715107958477,,0.0586039061525873,,5.7827237058066,,0.108912990339459,,peak_width_5,2024-10-11 12:07:47.562,False,False,
2024-10-11 12:07:47.562,7,00135435-A,0.125712867218503,1,-0.0120060800155698,peak_width_5,0,"peak_width_5 (low deviation: 0.000) due to improper mobile phase flow; recommend Adjust flow rate. (related to analyte 4,5-epoxy-TS-613)",964,18,Wu,6,"4,5-epoxy-TS-613",1,TS-613 Calibration Standard,734,TS-613 - 0.2 ug/ml standard - 24 Oct 11,2,TetraScience,11,Johann Heinrich Pott,,14.5471438653887,,0,,6.22959027301834,,0.203168332847652,,8.20720921001037,,0.979990037999268,,0.0555911021906947,,19.3744596427229,,0.105288325555865,,peak_width_5,2024-10-11 12:07:47.562,True,False,
2024-10-11 12:07:47.562,7,00135435-A,0.13701838255108,1,-0.0450721435838037,peak_width_5,0,peak_width_5 (low deviation: 0.000) due to improper mobile phase flow, recommend Adjust flow rate. (related to analyte dehydro-TS-613),965,18,Wu,41,dehydro-TS-613,1,TS-613 Calibration Standard,734,TS-613 - 0.2 ug/ml standard - 24 Oct 11,2,TetraScience,11,Johann Heinrich Pott,,13.7040528671583,,0,,6.32608488321178,,0.206315353473824,,5.66206672288574,,0.676084749508679,,0.0606872653649297,,8.55573911833637,,0.112133669336716,,peak_width_5,2024-10-11 12:07:47.562,True,False
2024-10-11 12:07:47.562,7,00135435-A,0.117526344302563,0,0.0274629499368979,peak_width_5,0,No anomaly detected,966,18,Wu,35,TS-613 hydrolysis pdt B,1,TS-613 Calibration Standard,734,TS-613 - 0.2 ug/ml standard - 24 Oct 11,2,TetraScience,11,Johann Heinrich Pott,,12.9669651378539,,0,,6.10811324758339,,0.199206549864299,,4.96172983913758,,0.592460322282,,0.0518036931014975,,7.73185269675506,,0.100653273740244,,peak_width_5,2024-10-11 12:07:47.562,False,False,
2024-10-11 12:07:47.562,7,00135435-A,0.112454136337133,1,-0.00571404581526569,peak_width_5,0,peak_width_5 (low deviation: 0.000) due to improper mobile phase flow, recommend Adjust flow rate. (check system Wu),967,18,Wu,44,des-chloro-TS-613,1,TS-613 Calibration Standard,734,TS-613 - 0.2 ug/ml standard - 24 Oct 11,2,TetraScience,11,Johann Heinrich Pott,,12.4363756913361,,0,,6.28791545322076,,0.205070517277998,,3.81765498168232,,0.455850917752129,,0.0518216479579436,,6.04191542811779,,0.100961224654698,,peak_width_5,2024-10-11 12:07:47.562,True,False
2024-10-11 12:07:47.562,7,00135435-A,0.136011068825095,1,-0.0182676025311282,peak_width_5,0,peak_width_5 (low deviation: 0.000) due to column packing issue, recommend Inspect column. (check system Wu),968,18,Wu,33,TS-613 free acid,1,TS-613 Calibration Standard,734,TS-613 - 0.2 ug/ml standard - 24 Oct 11,2,TetraScience,11,Johann Heinrich Pott,,12.1307767971438,,0,,6.33182048286574,,0.206502411076091,,1.73920755404242,,0.207671820391245,,0.062059746514258,,3.16651106019662,,0.121125646546886,,peak_width_5,2024-10-11 12:07:47.562,True,False
2024-10-11 12:07:47.562,7,00135435-A,0.120170531889107,0,0.0304313073520185,peak_width_5,0,No anomaly detected,969,18,Wu,0,2'-hydroxy-TS-613,1,TS-613 Calibration Standard,734,TS-613 - 0.2 ug/ml standard - 24 Oct 11,2,TetraScience,11,Johann Heinrich Pott,,11.7068936359569,,0,,6.14905273288541,,0.200541727076912,,11.8521839231302,,1.41522189528637,,0.0551399568832593,,4.26777641666967,,0.10453571254244,,peak_width_5,2024-10-11 12:07:47.562,False,False,
2024-10-11 12:07:47.562,7,00135435-A,0.11568982257851,0,0.0439096078440979,peak_width_5,0,No anomaly detected,970,18,Wu,8,5'-hydroxy-TS-613,1,TS-613 Calibration Standard,734,TS-613 - 0.2 ug/ml standard - 24 Oct 11,2,TetraScience,11,Johann Heinrich Pott,,11.4331275694911,,0,,6.21578853214754,,0.202718210679063,,5.02125193163984,,0.599567617368609,,0.0518066019160627,,3.02061106085448,,0.0977650427444327,,peak_width_5,2024-10-11 12:07:47.562,False,False,
2024-10-11 12:07:47.562,7,00135435-A,0.115688709792913,0,0.0324117103561987,peak_width_5,0,No anomaly detected,971,18,Wu,3,3'-hydroxy-TS-613,1,TS-613 Calibration Standard,734,TS-613 - 0.2 ug/ml standard - 24 Oct 11,2,TetraScience,11,Johann Heinrich Pott,,11.1402170196131,,0,,6.22828522774522,,0.203125770839429,,3.40520711259515,,0.406602166738636,,0.0514572457843112,,3.34710023452653,,0.100340868515223,,peak_width_5,2024-10-11 12:07:47.562,False,False,
2024-10-11 12:07:47.562,7,00135435-A,0.105232460486896,1,-0.0509784453897183,peak_width_5,0,peak_width_5 (low deviation: 0.000) due to column packing issue, recommend Inspect column. (verify method settings),972,18,Wu,34,TS-613 hydrolysis pdt A,1,TS-613 Calibration Standard,734,TS-613 - 0.2 ug/ml standard - 24 Oct 11,2,TetraScience,11,Johann Heinrich Pott,,9.3401091938981,,0,,6.34068108000601,,0.206791385578446,,2.003323912898,,0.239208898821682,,0.0497018106721878,,20.9978948870206,,0.090762224667273,,peak_width_5,2024-10-11 12:07:47.562,True,False
2024-10-11 12:07:47.562,7,00135435-A,0.109810514861723,0,0.0117610925681432,peak_width_5,0,No anomaly detected,973,18,Wu,7,4a-hydroxy-TS-613,1,TS-613 Calibration Standard,734,TS-613 - 0.2 ug/ml standard - 24 Oct 11,2,TetraScience,11,Johann Heinrich Pott,,9.0241621344462,,0,,6.14465280285829,,0.200398230248216,,7.13770413983651,,0.852284713626433,,0.0496042539946657,,3.75422721063361,,0.0971487962628998,,peak_width_5,2024-10-11 12:07:47.562,False,False,
2024-10-11 12:07:47.562,7,00135435-A,0.132147931095947,1,-0.0115758535702546,peak_width_5,0,peak_width_5 (low deviation: 0.000) due to improper mobile phase flow, recommend Adjust flow rate.,974,18,Wu,5,"4,5-dihydroxy-TS-613",1,TS-613 Calibration Standard,734,TS-613 - 0.2 ug/ml standard - 24 Oct 11,2,TetraScience,11,Johann Heinrich Pott,,8.40598065570045,,0,,6.32763711063018,,0.206365976940693,,3.67279249831581,,0.438553467797294,,0.0589565320912086,,6.7193152446682,,0.115479147038872,,peak_width_5,2024-10-11 12:07:47.562,True,False
2024-10-11 12:07:47.562,7,00135435-A,0.123096767689342,0,0.0368543914479239,peak_width_5,0,No anomaly detected,975,18,Wu,30,TS-613 2-glucuronide,1,TS-613 Calibration Standard,734,TS-613 - 0.2 ug/ml standard - 24 Oct 11,2,TetraScience,11,Johann Heinrich Pott,,8.20723043260585,,0,,6.14521025639622,,0.200416410722529,,9.73749055258388,,1.16271481480026,,0.0564196504975083,,2.03270083989215,,0.10695628074909,,peak_width_5,2024-10-11 12:07:47.562,False,False,
2024-10-11 12:07:47.562,7,00135435-A,0.0990376562007666,1,-0.0399841507982245,peak_width_5,0,peak_width_5 (low deviation: 0.000) due to column packing issue, recommend Inspect column. (verify method settings),976,18,Wu,31,TS-613 2-sulfate,1,TS-613 Calibration Standard,734,TS-613 - 0.2 ug/ml standard - 24 Oct 11,2,TetraScience,11,Johann Heinrich Pott,,7.6373512156286,,0,,6.61491017778741,,0.21573493823164,,0.950876445779613,,0.113540354630608,,0.054577466317256,,6.05833282278288,,0.0965129585352748,,peak_width_5,2024-10-11 12:07:47.562,True,False
2024-10-11 12:07:47.562,7,00135435-A,0.0917092561943819,1,-0.0496747515434532,peak_width_5,0,peak_width_5 (low deviation: 0.000) due to column packing issue, recommend Inspect column. (related to analyte TS-613 3-glucuronide),977,18,Wu,32,TS-613 3-glucuronide,1,TS-613 Calibration Standard,734,TS-613 - 0.2 ug/ml standard - 24 Oct 11,2,TetraScience,11,Johann Heinrich Pott,,7.34802200935502,,0,,6.17402102448309,,0.201356028813565,,5.75113656017021,,0.686720222663005,,0.0460366197026962,,3.39324717748886,,0.0796395124841611,,peak_width_5,2024-10-11 12:07:47.562,True,False
2024-10-11 12:07:47.562,7,00135435-A,0.123018891975782,1,-0.012736468432243,peak_width_5,0,peak_width_5 (low deviation: 0.000) due to column packing issue, recommend Inspect column. (check system Wu),978,18,Wu,2,2-glucosyl-TS-613,1,TS-613 Calibration Standard,734,TS-613 - 0.2 ug/ml standard - 24 Oct 11,2,TetraScience,11,Johann Heinrich Pott,,6.7209192478781,,0,,6.17916558024022,,0.201523810444557,,12.1181270799097,,1.44697710435307,,0.0607588513712631,,6.92895729660954,,0.109705307341361,,peak_width_5,2024-10-11 12:07:47.562,True,False
2024-10-11 12:27:51.737,7,00135435-A,0.129015255429707,0,0.00662015117404335,peak_width_5,0,No anomaly detected,979,18,Wu,29,TS-613,1,TS-613 Calibration Standard,854,TS-613 - 2 ug/ml standard - 24 Oct 11,2,TetraScience,11,Johann Heinrich Pott,,16.424646993262,,0,,6.26040824846881,,2.00128513503598,,13.8764183304887,,16.7845789554374,,0.0588274381627229,,5.7827237058066,,0.109342448668968,,peak_width_5,2024-10-11 12:27:51.737,False,False,
2024-10-11 12:27:51.737,7,00135435-A,0.124546539364616,1,-0.0108039506044604,peak_width_5,0,peak_width_5 (low deviation: 0.000) due to column packing issue, recommend Inspect column. (check system Wu),980,18,Wu,6,"4,5-epoxy-TS-613",1,TS-613 Calibration Standard,854,TS-613 - 2 ug/ml standard - 24 Oct 11,2,TetraScience,11,Johann Heinrich Pott,,14.5506777282703,,0,,6.24451772255379,,1.9962053587595,,8.12106105191431,,9.8230384225511,,0.0553522463402114,,19.3667003225377,,0.105179512891588,,peak_width_5,2024-10-11 12:27:51.737,True,False
2024-10-11 12:27:51.737,7,00135435-A,0.132133990880154,1,-0.00210053775986951,peak_width_5,0,peak_width_5 (low deviation: 0.000) due to column packing issue, recommend Inspect column. (related to analyte dehydro-TS-613),981,18,Wu,41,dehydro-TS-613,1,TS-613 Calibration Standard,854,TS-613 - 2 ug/ml standard - 24 Oct 11,2,TetraScience,11,Johann Heinrich Pott,,13.7079051104006,,0,,6.24573529074635,,1.99659458275703,,5.59211538961082,,6.76408710442312,,0.0602365139959584,,8.60353278462299,,0.112041876413652,,peak_width_5,2024-10-11 12:27:51.737,True,False
2024-10-11 12:27:51.737,7,00135435-A,0.122405475810794,0,0.038288041909692,peak_width_5,0,No anomaly detected,982,18,Wu,35,TS-613 hydrolysis pdt B,1,TS-613 Calibration Standard,854,TS-613 - 2 ug/ml standard - 24 Oct 11,2,TetraScience,11,Johann Heinrich Pott,,12.9712438660051,,0,,6.2382911333697,,1.99421488467514,,4.92340295992664,,5.9552287731738,,0.0539561136916706,,7.61222756660423,,0.103125799013403,,peak_width_5,2024-10-11 12:27:51.737,False,False,
2024-10-11 12:27:51.737,7,00135435-A,0.118240421275029,0,0.0343604913586292,peak_width_5,0,No anomaly detected,983,18,Wu,44,des-chloro-TS-613,1,TS-613 Calibration Standard,854,TS-613 - 2 ug/ml standard - 24 Oct 11,2,TetraScience,11,Johann Heinrich Pott,,12.4416718131451,,0,,6.2432849935147,,1.99581128824468,,3.76082751911874,,4.54900572532732,,0.0531979750591862,,5.83174221030131,,0.10222329729285,,peak_width_5,2024-10-11 12:27:51.737,False,False,
2024-10-11 12:27:51.737,7,00135435-A,0.147628164659993,1,-0.0515563678891533,peak_width_5,0,peak_width_5 (low deviation: 0.000) due to improper mobile phase flow, recommend Adjust flow rate. (related to analyte TS-613 free acid),984,18,Wu,33,TS-613 free acid,1,TS-613 Calibration Standard,854,TS-613 - 2 ug/ml standard - 24 Oct 11,2,TetraScience,11,Johann Heinrich Pott,,12.1342073854399,,0,,6.26241784996929,,2.00192755090578,,1.82190328208781,,2.20373000864239,,0.0619884222614839,,3.14974713274663,,0.124091424764615,,peak_width_5,2024-10-11 12:27:51.737,True,False
2024-10-11 12:27:51.737,7,00135435-A,0.122372210013596,0,0.0259698647806431,peak_width_5,0,No anomaly detected,985,18,Wu,0,2'-hydroxy-TS-613,1,TS-613 Calibration Standard,854,TS-613 - 2 ug/ml standard - 24 Oct 11,2,TetraScience,11,Johann Heinrich Pott,,11.7111724350958,,0,,6.24175553370822,,1.9953223608371,,11.6995581739093,,14.1515017230528,,0.0539826317385951,,4.3043606502502,,0.103070172523539,,peak_width_5,2024-10-11 12:27:51.737,False,False,
2024-10-11 12:27:51.737,7,00135435-A,0.119765512114963,0,0.0482794289456904,peak_width_5,0,No anomaly detected,986,18,Wu,8,5'-hydroxy-TS-613,1,TS-613 Calibration Standard,854,TS-613 - 2 ug/ml standard - 24 Oct 11,2,TetraScience,11,Johann Heinrich Pott,,11.4398843355591,,0,,6.24741003954073,,1.99712995516952,,5.07851054602919,,6.14284314624335,,0.0518756020696269,,3.02404400618758,,0.100648060956841,,peak_width_5,2024-10-11 12:27:51.737,False,False,
2024-10-11 12:27:51.737,7,00135435-A,0.114734789949932,0,0.0259145488340616,peak_width_5,0,No anomaly detected,987,18,Wu,3,3'-hydroxy-TS-613,1,TS-613 Calibration Standard,854,TS-613 - 2 ug/ml standard - 24 Oct 11,2,TetraScience,11,Johann Heinrich Pott,,11.1441458032799,,0,,6.24529443700986,,1.99645365360441,,3.42469234966588,,4.14242477936487,,0.0536364484932647,,3.30740864410913,,0.0988213258866714,,peak_width_5,2024-10-11 12:27:51.737,False,False,
2024-10-11 12:27:51.737,7,00135435-A,0.114518029332778,1,-0.0280331003370764,peak_width_5,0,peak_width_5 (low deviation: 0.000) due to improper mobile phase flow, recommend Adjust flow rate. (check system Wu),988,18,Wu,34,TS-613 hydrolysis pdt A,1,TS-613 Calibration Standard,854,TS-613 - 2 ug/ml standard - 24 Oct 11,2,TetraScience,11,Johann Heinrich Pott,,9.34223747377475,,0,,6.26923410440788,,2.00410652520636,,2.04268993515949,,2.47078818767163,,0.0512518163033703,,20.2715893235402,,0.0957809335637023,,peak_width_5,2024-10-11 12:27:51.737,True,False
2024-10-11 12:27:51.737,7,00135435-A,0.113252324502412,0,0.0221095158619502,peak_width_5,0,No anomaly detected,989,18,Wu,7,4a-hydroxy-TS-613,1,TS-613 Calibration Standard,854,TS-613 - 2 ug/ml standard - 24 Oct 11,2,TetraScience,11,Johann Heinrich Pott,,9.02718111665828,,0,,6.24745327635498,,1.99714377682303,,7.25372633363909,,8.77393138981654,,0.0498940496291968,,3.67554815977634,,0.0977763423203779,,peak_width_5,2024-10-11 12:27:51.737,False,False,
2024-10-11 12:27:51.737,7,00135435-A,0.133040498904327,1,-0.0165362592357486,peak_width_5,0,peak_width_5 (low deviation: 0.000) due to column packing issue, recommend Inspect column. (check system Wu),990,18,Wu,5,"4,5-dihydroxy-TS-613",1,TS-613 Calibration Standard,854,TS-613 - 2 ug/ml standard - 24 Oct 11,2,TetraScience,11,Johann Heinrich Pott,,8.41002084125695,,0,,6.25914795887876,,2.00088225414989,,3.72095819292372,,4.50078075563539,,0.0627195340967485,,6.46679646343407,,0.115764772565395,,peak_width_5,2024-10-11 12:27:51.737,True,False
2024-10-11 12:27:51.737,7,00135435-A,0.125601264869056,0,0.0277428397245555,peak_width_5,0,No anomaly detected,991,18,Wu,30,TS-613 2-glucuronide,1,TS-613 Calibration Standard,854,TS-613 - 2 ug/ml standard - 24 Oct 11,2,TetraScience,11,Johann Heinrich Pott,,8.20916110499437,,0,,6.2400957078486,,1.99479175888787,,9.80542281417692,,11.860401545721,,0.0581744630160745,,1.96051495070224,,0.109123638274808,,peak_width_5,2024-10-11 12:27:51.737,False,False,
2024-10-11 12:27:51.737,7,00135435-A,0.121797468549667,0,0.0348910587023547,peak_width_5,0,No anomaly detected,992,18,Wu,31,TS-613 2-sulfate,1,TS-613 Calibration Standard,854,TS-613 - 2 ug/ml standard - 24 Oct 11,2,TetraScience,11,Johann Heinrich Pott,,7.64083674971225,,0,,6.26867335015539,,2.0039272670645,,1.07479181115238,,1.30004209914226,,0.056790621852782,,5.83327311938134,,0.105222209600238,,peak_width_5,2024-10-11 12:27:51.737,False,False,
2024-10-11 12:27:51.737,7,00135435-A,0.0951262181768086,1,-0.0486346928172399,peak_width_5,0,peak_width_5 (low deviation: 0.000) due to improper mobile phase flow, recommend Adjust flow rate. (verify method settings),993,18,Wu,32,TS-613 3-glucuronide,1,TS-613 Calibration Standard,854,TS-613 - 2 ug/ml standard - 24 Oct 11,2,TetraScience,11,Johann Heinrich Pott,,7.3522528658041,,0,,6.24340729730831,,1.99585038549751,,5.75503300148326,,6.96114829518414,,0.0459920368465223,,3.31309763067966,,0.0830793735632564,,peak_width_5,2024-10-11 12:27:51.737,True,False
2024-10-11 12:27:51.737,7,00135435-A,0.127382573514241,0,0.00201078272360689,peak_width_5,0,No anomaly detected,994,18,Wu,2,2-glucosyl-TS-613,1,TS-613 Calibration Standard,854,TS-613 - 2 ug/ml standard - 24 Oct 11,2,TetraScience,11,Johann Heinrich Pott,,6.72378404875385,,0,,6.24287305616465,,1.99567960288767,,12.0488883087138,,14.5740429789803,,0.0578962680183927,,7.13837043624476,,0.110433404590196,,peak_width_5,2024-10-11 12:27:51.737,False,False,
2024-10-14 13:07:19.261,7,00135435-A,0.127862665979368,0,0.015192275779099,peak_width_5,0,No anomaly detected,995,18,Wu,29,TS-613,1,TS-613 Calibration Standard,735,TS-613 - 0.2 ug/ml standard - 24 Oct 14,2,TetraScience,14,Jöns Jacob Berzelius,,16.4215101568151,,0,,6.24163855966575,,0.203027015016938,,14.03571226277,,1.67509325326318,,0.0586298745043443,,5.7827237058066,,0.108941974745555,,peak_width_5,2024-10-14 13:07:19.261,False,False,
2024-10-14 13:07:19.261,7,00135435-A,0.121817744132203,1,-0.0243003781833322,peak_width_5,0,peak_width_5 (low deviation: 0.000) due to improper mobile phase flow, recommend Adjust flow rate. (verify method settings),996,18,Wu,6,"4,5-epoxy-TS-613",1,TS-613 Calibration Standard,735,TS-613 - 0.2 ug/ml standard - 24 Oct 14,2,TetraScience,14,Jöns Jacob Berzelius,,14.5473549909027,,0,,6.16416538333872,,0.200506979999979,,8.10702209205932,,0.967533229253021,,0.0553106974888244,,19.4092679814627,,0.105551080299175,,peak_width_5,2024-10-14 13:07:19.261,True,False
2024-10-14 13:07:19.261,7,00135435-A,0.129722042489815,0,0.00712510026268215,peak_width_5,0,No anomaly detected,997,18,Wu,41,dehydro-TS-613,1,TS-613 Calibration Standard,735,TS-613 - 0.2 ug/ml standard - 24 Oct 14,2,TetraScience,14,Jöns Jacob Berzelius,,13.7061970065618,,0,,6.21284122862022,,0.202090300065129,,5.57894431066939,,0.66581957510783,,0.059370655710472,,8.65499397968766,,0.109698900682021,,peak_width_5,2024-10-14 13:07:19.261,False,False,
2024-10-14 13:07:19.261,7,00135435-A,0.116509436002564,0,0.0284622954596809,peak_width_5,0,No anomaly detected,998,18,Wu,35,TS-613 hydrolysis pdt B,1,TS-613 Calibration Standard,735,TS-613 - 0.2 ug/ml standard - 24 Oct 14,2,TetraScience,14,Jöns Jacob Berzelius,,12.968453968347,,0,,6.07480278711066,,0.197600207845054,,4.87887576779746,,0.582269836339167,,0.0529439830302784,,7.75087553015132,,0.10205551184975,,peak_width_5,2024-10-14 13:07:19.261,False,False,
2024-10-14 13:07:19.261,7,00135435-A,0.116488553550697,0,0.0132766755160042,peak_width_5,0,No anomaly detected,999,18,Wu,44,des-chloro-TS-613,1,TS-613 Calibration Standard,735,TS-613 - 0.2 ug/ml standard - 24 Oct 14,2,TetraScience,14,Jöns Jacob Berzelius,,12.440347236235,,0,,6.17378864429295,,0.200820003884267,,3.68530425343111,,0.439822944184966,,0.0510159137766059,,5.99429167431416,,0.0971012702068367,,peak_width_5,2024-10-14 13:07:19.261,False,False,
2024-10-14 13:07:19.261,7,00135435-A,0.134903359797233,1,-0.0168180827882938,peak_width_5,0,peak_width_5 (low deviation: 0.000) due to improper mobile phase flow, recommend Adjust flow rate. (verify method settings),1000,18,Wu,33,TS-613 free acid,1,TS-613 Calibration Standard,735,TS-613 - 0.2 ug/ml standard - 24 Oct 14,2,TetraScience,14,Jöns Jacob Berzelius,,12.1306528704747,,0,,6.31654289657448,,0.205463491238531,,1.7488949623868,,0.208722015478389,,0.0602824648107596,,3.28342026393858,,0.112857013902936,,peak_width_5,2024-10-14 13:07:19.261,True,False
2024-10-14 13:07:19.261,7,00135435-A,0.122349766880433,0,0.0207424722344277,peak_width_5,0,No anomaly detected,1001,18,Wu,0,2'-hydroxy-TS-613,1,TS-613 Calibration Standard,735,TS-613 - 0.2 ug/ml standard - 24 Oct 14,2,TetraScience,14,Jöns Jacob Berzelius,,11.7076433039273,,0,,6.13689140242891,,0.199619816336333,,11.7702146464071,,1.40471725086255,,0.0543204449253842,,4.35548529854171,,0.10309442089032,,peak_width_5,2024-10-14 13:07:19.261,False,True,
2024-10-14 13:07:19.261,7,00135435-A,0.113361647777364,0,0.013761170839086,peak_width_5,0,No anomaly detected,1002,18,Wu,8,5'-hydroxy-TS-613,1,TS-613 Calibration Standard,735,TS-613 - 0.2 ug/ml standard - 24 Oct 14,2,TetraScience,14,Jöns Jacob Berzelius,,11.4349713084499,,0,,6.14707101971773,,0.199950937289975,,4.93672153726213,,0.589173444531329,,0.0528436783220858,,3.00243164328751,,0.0976764356671839,,peak_width_5,2024-10-14 13:07:19.261,False,True,
2024-10-14 13:07:19.261,7,00135435-A,0.114557529901875,0,0.0214476722849498,peak_width_5,0,No anomaly detected,1003,18,Wu,3,3'-hydroxy-TS-613,1,TS-613 Calibration Standard,735,TS-613 - 0.2 ug/ml standard - 24 Oct 14,2,TetraScience,14,Jöns Jacob Berzelius,,11.1421719144753,,0,,6.17338574029867,,0.200806898287954,,3.43618270219222,,0.410091511827977,,0.0528762414110186,,3.26810014387277,,0.0988703673478657,,peak_width_5,2024-10-14 13:07:19.261,False,True,
2024-10-14 13:07:19.261,7,00135435-A,0.104935067259584,1,-0.0515739395009605,peak_width_5,0,peak_width_5 (low deviation: 0.000) due to column packing issue, recommend Inspect column. (related to analyte TS-613 hydrolysis pdt A),1004,18,Wu,34,TS-613 hydrolysis pdt A,1,TS-613 Calibration Standard,735,TS-613 - 0.2 ug/ml standard - 24 Oct 14,2,TetraScience,14,Jöns Jacob Berzelius,,9.33967597963682,,0,,6.63165848879057,,0.215713520531537,,2.05538691832905,,0.245300323580366,,0.0510076901219296,,20.4742463220583,,0.0967579852016395,,peak_width_5,2024-10-14 13:07:19.261,True,True
2024-10-14 13:07:19.261,7,00135435-A,0.116722858113318,0,0.00492001452473773,peak_width_5,0,No anomaly detected,1005,18,Wu,7,4a-hydroxy-TS-613,1,TS-613 Calibration Standard,735,TS-613 - 0.2 ug/ml standard - 24 Oct 14,2,TetraScience,14,Jöns Jacob Berzelius,,9.024376098487,,0,,6.26919881825943,,0.203923490675034,,7.34091380273707,,0.8761019714239,,0.0492112360773298,,3.71241115692122,,0.0972054165592837,,peak_width_5,2024-10-14 13:07:19.261,False,True,
2024-10-14 13:07:19.261,7,00135435-A,0.13005287100092,1,-0.0226941839636768,peak_width_5,0,"peak_width_5 (low deviation: 0.000) due to improper mobile phase flow; recommend Adjust flow rate. (related to analyte 4,5-dihydroxy-TS-613)",1006,18,Wu,5,"4,5-dihydroxy-TS-613",1,TS-613 Calibration Standard,735,TS-613 - 0.2 ug/ml standard - 24 Oct 14,2,TetraScience,14,Jöns Jacob Berzelius,,8.40937094800962,,0,,6.41626399500809,,0.208707203086894,,3.70248343729986,,0.441873195319812,,0.063167241460091,,6.45769629083697,,0.115326518560568,,peak_width_5,2024-10-14 13:07:19.261,True,True,
2024-10-14 13:07:19.261,7,00135435-A,0.125382988361205,0,0.024101858807878,peak_width_5,0,No anomaly detected,1007,18,Wu,30,TS-613 2-glucuronide,1,TS-613 Calibration Standard,735,TS-613 - 0.2 ug/ml standard - 24 Oct 14,2,TetraScience,14,Jöns Jacob Berzelius,,8.20549045672714,,0,,6.15565983188144,,0.20023031279041,,9.82521070574269,,1.17259059297862,,0.0581523632515246,,1.98301816334792,,0.105477742841254,,peak_width_5,2024-10-14 13:07:19.261,False,True,
2024-10-14 13:07:19.261,7,00135435-A,0.110598987627962,1,-0.00816727075703205,peak_width_5,0,peak_width_5 (low deviation: 0.000) due to improper mobile phase flow, recommend Adjust flow rate.,1008,18,Wu,31,TS-613 2-sulfate,1,TS-613 Calibration Standard,735,TS-613 - 0.2 ug/ml standard - 24 Oct 14,2,TetraScience,14,Jöns Jacob Berzelius,,7.63673222806833,,0,,6.51815298192713,,0.212021431663177,,1.00443580144955,,0.119874474686053,,0.0601281055038258,,5.6740957901136,,0.0995375647166323,,peak_width_5,2024-10-14 13:07:19.261,True,True
2024-10-14 13:07:19.261,7,00135435-A,0.0937327168147321,1,-0.0655677043291997,peak_width_5,0,peak_width_5 (low deviation: 0.000) due to improper mobile phase flow, recommend Adjust flow rate. (related to analyte TS-613 3-glucuronide),1009,18,Wu,32,TS-613 3-glucuronide,1,TS-613 Calibration Standard,735,TS-613 - 0.2 ug/ml standard - 24 Oct 14,2,TetraScience,14,Jöns Jacob Berzelius,,7.3500887983362,,0,,6.19049939861271,,0.20136356861263,,5.70004525336873,,0.680272377237263,,0.0443346243190498,,3.23789400925502,,0.0809277046647132,,peak_width_5,2024-10-14 13:07:19.261,True,True
2024-10-14 13:07:19.261,7,00135435-A,0.123931815367133,1,-0.00582995714717138,peak_width_5,0,peak_width_5 (low deviation: 0.000) due to improper mobile phase flow, recommend Adjust flow rate. (related to analyte 2-glucosyl-TS-613),1010,18,Wu,2,2-glucosyl-TS-613,1,TS-613 Calibration Standard,735,TS-613 - 0.2 ug/ml standard - 24 Oct 14,2,TetraScience,14,Jöns Jacob Berzelius,,6.72031442511125,,0,,6.17743882347252,,0.200938736325439,,12.1936515460974,,1.45525236305171,,0.0578516374434032,,7.27234510381601,,0.111221415075951,,peak_width_5,2024-10-14 13:07:19.261,True,True
2024-10-14 13:27:28.382,7,00135435-A,0.130196700328376,1,-0.0118639737025722,peak_width_5,0,peak_width_5 (low deviation: 0.000) due to improper mobile phase flow, recommend Adjust flow rate. (related to analyte TS-613),1011,18,Wu,29,TS-613,1,TS-613 Calibration Standard,855,TS-613 - 2 ug/ml standard - 24 Oct 14,2,TetraScience,14,Jöns Jacob Berzelius,,16.4101780588232,,0,,6.2400638235356,,1.99652850734413,,13.8459836251473,,16.7528511640099,,0.0568037755549468,,5.7827237058066,,0.11065325977852,,peak_width_5,2024-10-14 13:27:28.382,True,True
2024-10-14 13:27:28.382,7,00135435-A,0.125161172549834,1,-0.0182888552549837,peak_width_5,0,peak_width_5 (low deviation: 0.000) due to improper mobile phase flow, recommend Adjust flow rate. (verify method settings),1012,18,Wu,6,"4,5-epoxy-TS-613",1,TS-613 Calibration Standard,855,TS-613 - 2 ug/ml standard - 24 Oct 14,2,TetraScience,14,Jöns Jacob Berzelius,,14.5334811682497,,0,,6.23971065867941,,1.99641551111154,,8.13444027157622,,9.84220918221652,,0.0559835525248413,,19.6343185761989,,0.105767519330904,,peak_width_5,2024-10-14 13:27:28.382,True,True
2024-10-14 13:27:28.382,7,00135435-A,0.132428821621829,1,-0.0150816775782786,peak_width_5,0,peak_width_5 (low deviation: 0.000) due to improper mobile phase flow, recommend Adjust flow rate. (verify method settings),1013,18,Wu,41,dehydro-TS-613,1,TS-613 Calibration Standard,855,TS-613 - 2 ug/ml standard - 24 Oct 14,2,TetraScience,14,Jöns Jacob Berzelius,,13.6942624781392,,0,,6.24655109764606,,1.99860413157856,,5.59292514613074,,6.76712071032654,,0.0605823443595259,,8.49543546439419,,0.112290719334322,,peak_width_5,2024-10-14 13:27:28.382,True,True
2024-10-14 13:27:28.382,7,00135435-A,0.122529115639026,0,0.0247382746881615,peak_width_5,0,No anomaly detected,1014,18,Wu,35,TS-613 hydrolysis pdt B,1,TS-613 Calibration Standard,855,TS-613 - 2 ug/ml standard - 24 Oct 14,2,TetraScience,14,Jöns Jacob Berzelius,,12.9543275620655,,0,,6.23813142226594,,1.99591022933743,,4.92801340000289,,5.96261538794188,,0.0542398663800778,,7.60413159912991,,0.103400014555945,,peak_width_5,2024-10-14 13:27:28.382,False,True,
2024-10-14 13:27:28.382,7,00135435-A,0.119696888545469,0,0.0178951906922091,peak_width_5,0,No anomaly detected,1015,18,Wu,44,des-chloro-TS-613,1,TS-613 Calibration Standard,855,TS-613 - 2 ug/ml standard - 24 Oct 14,2,TetraScience,14,Jöns Jacob Berzelius,,12.4269724361001,,0,,6.24409771129972,,1.9978191627195,,3.76519391027504,,4.55567006939914,,0.0548559621274105,,5.70396739410109,,0.100578719508967,,peak_width_5,2024-10-14 13:27:28.382,False,True,
2024-10-14 13:27:28.382,7,00135435-A,0.146805386269094,1,-0.0833788993291912,peak_width_5,0,peak_width_5 (low deviation: 0.000) due to improper mobile phase flow, recommend Adjust flow rate. (verify method settings),1016,18,Wu,33,TS-613 free acid,1,TS-613 Calibration Standard,855,TS-613 - 2 ug/ml standard - 24 Oct 14,2,TetraScience,14,Jöns Jacob Berzelius,,12.1181340139459,,0,,6.24892577697935,,1.99936391787542,,1.80968621126629,,2.18961718948173,,0.0648256841664896,,3.0449893482165,,0.123223662398395,,peak_width_5,2024-10-14 13:27:28.382,True,True
2024-10-14 13:27:28.382,7,00135435-A,0.119772421617814,0,0.0165958066411755,peak_width_5,0,No anomaly detected,1017,18,Wu,0,2'-hydroxy-TS-613,1,TS-613 Calibration Standard,855,TS-613 - 2 ug/ml standard - 24 Oct 14,2,TetraScience,14,Jöns Jacob Berzelius,,11.6971060307656,,0,,6.23637660559623,,1.99534877009514,,11.701068612727,,14.1576262283639,,0.0548808364224004,,4.15025863009603,,0.103971552179466,,peak_width_5,2024-10-14 13:27:28.382,False,True,
2024-10-14 13:27:28.382,7,00135435-A,0.118230178384465,0,0.0338308993291021,peak_width_5,0,No anomaly detected,1018,18,Wu,8,5'-hydroxy-TS-613,1,TS-613 Calibration Standard,855,TS-613 - 2 ug/ml standard - 24 Oct 14,2,TetraScience,14,Jöns Jacob Berzelius,,11.4211923996705,,0,,6.2559601622179,,2.00161459207645,,5.08137653023789,,6.14817603602811,,0.0534820831766111,,3.00451562118249,,0.102464269652719,,peak_width_5,2024-10-14 13:27:28.382,False,True,
2024-10-14 13:27:28.382,7,00135435-A,0.118374342851562,0,0.0186157754713917,peak_width_5,0,No anomaly detected,1019,18,Wu,3,3'-hydroxy-TS-613,1,TS-613 Calibration Standard,855,TS-613 - 2 ug/ml standard - 24 Oct 14,2,TetraScience,14,Jöns Jacob Berzelius,,11.1304777304714,,0,,6.26208591688274,,2.00357454700051,,3.43621056035134,,4.15761896332248,,0.0507970332980658,,3.28966452010769,,0.0994307267152017,,peak_width_5,2024-10-14 13:27:28.382,False,True,
2024-10-14 13:27:28.382,7,00135435-A,0.114790307477641,1,-0.0358002252199144,peak_width_5,0,peak_width_5 (low deviation: 0.000) due to column packing issue, recommend Inspect column. (related to analyte TS-613 hydrolysis pdt A),1020,18,Wu,34,TS-613 hydrolysis pdt A,1,TS-613 Calibration Standard,855,TS-613 - 2 ug/ml standard - 24 Oct 14,2,TetraScience,14,Jöns Jacob Berzelius,,9.32626911839234,,0,,6.26212905143527,,2.00358834803944,,2.0407886184951,,2.469237932707,,0.0511445325335202,,20.8841814905069,,0.0957676514326735,,peak_width_5,2024-10-14 13:27:28.382,True,True
2024-10-14 13:27:28.382,7,00135435-A,0.11322010833362,0,0.00775548838354656,peak_width_5,0,No anomaly detected,1021,18,Wu,7,4a-hydroxy-TS-613,1,TS-613 Calibration Standard,855,TS-613 - 2 ug/ml standard - 24 Oct 14,2,TetraScience,14,Jöns Jacob Berzelius,,9.010507492355,,0,,6.23881304811457,,1.99612831772188,,7.25095479464191,,8.77324210112283,,0.0499183995286678,,3.6867990184055,,0.0978776737297444,,peak_width_5,2024-10-14 13:27:28.382,False,True,
2024-10-14 13:27:28.382,7,00135435-A,0.133539078036641,1,-0.0461652294109282,peak_width_5,0,peak_width_5 (low deviation: 0.000) due to improper mobile phase flow, recommend Adjust flow rate. (verify method settings),1022,18,Wu,5,"4,5-dihydroxy-TS-613",1,TS-613 Calibration Standard,855,TS-613 - 2 ug/ml standard - 24 Oct 14,2,TetraScience,14,Jöns Jacob Berzelius,,8.39616956039519,,0,,6.26101956110965,,2.00323336303827,,3.71510191930543,,4.49506161485073,,0.0633478339086952,,6.40013124576496,,0.116312880757015,,peak_width_5,2024-10-14 13:27:28.382,True,True
2024-10-14 13:27:28.382,7,00135435-A,0.12568332628779,0,0.0162286078847273,peak_width_5,0,No anomaly detected,1023,18,Wu,30,TS-613 2-glucuronide,1,TS-613 Calibration Standard,855,TS-613 - 2 ug/ml standard - 24 Oct 14,2,TetraScience,14,Jöns Jacob Berzelius,,8.19582899989783,,0,,6.23663479770577,,1.99543137949171,,9.80573272812401,,11.8643778149473,,0.0581950255817229,,1.94500822490131,,0.109166351315956,,peak_width_5,2024-10-14 13:27:28.382,False,True,
2024-10-14 13:27:28.382,7,00135435-A,0.123102880397534,0,0.0252760802793068,peak_width_5,0,No anomaly detected,1024,18,Wu,31,TS-613 2-sulfate,1,TS-613 Calibration Standard,855,TS-613 - 2 ug/ml standard - 24 Oct 14,2,TetraScience,14,Jöns Jacob Berzelius,,7.62363716030128,,0,,6.29707004442055,,2.01476783122147,,1.08021541007414,,1.30699908940918,,0.0571122336553191,,5.85554088434211,,0.105818273868992,,peak_width_5,2024-10-14 13:27:28.382,False,True,
2024-10-14 13:27:28.382,7,00135435-A,0.0953407305884948,1,-0.0544998649957036,peak_width_5,0,peak_width_5 (low deviation: 0.000) due to improper mobile phase flow, recommend Adjust flow rate. (related to analyte TS-613 3-glucuronide),1025,18,Wu,32,TS-613 3-glucuronide,1,TS-613 Calibration Standard,855,TS-613 - 2 ug/ml standard - 24 Oct 14,2,TetraScience,14,Jöns Jacob Berzelius,,7.33543717190893,,0,,6.24989073716816,,1.99967265999408,,5.76323804847517,,6.97318961677134,,0.0462029775919372,,3.2916352025753,,0.0832583096358927,,peak_width_5,2024-10-14 13:27:28.382,True,True
2024-10-14 13:27:28.382,7,00135435-A,0.127606830765616,1,-0.0146353339756062,peak_width_5,0,peak_width_5 (low deviation: 0.000) due to improper mobile phase flow, recommend Adjust flow rate. (related to analyte 2-glucosyl-TS-613),1026,18,Wu,2,2-glucosyl-TS-613,1,TS-613 Calibration Standard,855,TS-613 - 2 ug/ml standard - 24 Oct 14,2,TetraScience,14,Jöns Jacob Berzelius,,6.7069938246889,,0,,6.2425395849431,,1.99732063517603,,12.0490702131695,,14.5786883338009,,0.058045562360645,,7.11341521000611,,0.110630122030561,,peak_width_5,2024-10-14 13:27:28.382,True,True
2024-10-07 10:56:23.418,20,00246395-L,0.129194938603057,1,-0.046077141296385,peak_width_5,0,peak_width_5 (low deviation: 0.000) due to column packing issue, recommend Inspect column. (related to analyte TS-613),289,7,Johnson,29,TS-613,1,TS-613 Calibration Standard,1341,TS-613_standard_low_20241007,1,TETRASCIENCE,16,Peter Jacob Hjelm,,16.4188775459666,,0,,6.27988194100448,,0.204221030873106,,14.1396025586593,,1.68542445030935,,0.0580495332793873,,5.75829119335129,,0.10879572173129,,peak_width_5,2024-10-07 10:56:23.418,True,False
2024-10-07 10:56:23.418,20,00246395-L,0.12267414721491,1,-0.0673822835270157,peak_width_5,0,peak_width_5 (low deviation: 0.000) due to column packing issue, recommend Inspect column. (verify method settings),290,7,Johnson,6,"4,5-epoxy-TS-613",1,TS-613 Calibration Standard,1341,TS-613_standard_low_20241007,1,TETRASCIENCE,16,Peter Jacob Hjelm,,14.5415207000529,,0,,6.18138548079597,,0.201017937434392,,8.11665464910977,,0.967495949307913,,0.054085399844725,,19.7554947103439,,0.103567332006214,,peak_width_5,2024-10-07 10:56:23.418,True,False
2024-10-07 10:56:23.418,20,00246395-L,0.136635036260365,1,-0.0998463659950792,peak_width_5,0,peak_width_5 (low deviation: 0.000) due to column packing issue, recommend Inspect column. (related to analyte dehydro-TS-613),291,7,Johnson,41,dehydro-TS-613,1,TS-613 Calibration Standard,1341,TS-613_standard_low_20241007,1,TETRASCIENCE,16,Peter Jacob Hjelm,,13.7013296626674,,0,,6.30721099767918,,0.205109768619982,,5.653860005782,,0.67393364508222,,0.0601828287099053,,8.67629993617115,,0.115466522361775,,peak_width_5,2024-10-07 10:56:23.418,True,False
